,城市,日期,最高气温,最低气温,天气,风向,风力,空气质量指数,空气质量,
0,武汉,2017-01-01,14,5,多云,无持续风向,微风,146,轻度污染
1,武汉,2017-01-02,15,7,多云,无持续风向,微风,171,中度污染
2,武汉,2017-01-03,15,7,多云,无持续风向,微风,206,重度污染
3,武汉,2017-01-04,13,10,小雨~中雨,无持续风向,微风,238,重度污染
4,武汉,2017-01-05,11,8,中雨~小雨,北风,3-4级,51,良
5,武汉,2017-01-06,8,5,中雨~小雨,无持续风向,微风,27,优
6,武汉,2017-01-07,7,2,小雨~多云,无持续风向,微风,38,优
7,武汉,2017-01-08,11,2,多云~晴,无持续风向,微风,79,良
8,武汉,2017-01-09,11,6,多云,东北风,1-2级,140,轻度污染
9,武汉,2017-01-10,8,4,小雨,无持续风向,微风,123,轻度污染
10,武汉,2017-01-11,7,4,小雨,无持续风向,微风,150,轻度污染
11,武汉,2017-01-12,9,-1,多云~晴,无持续风向,微风,129,轻度污染
12,武汉,2017-01-13,11,2,晴~多云,无持续风向,微风,109,轻度污染
13,武汉,2017-01-14,9,1,多云,无持续风向,微风,98,良
14,武汉,2017-01-15,8,-2,晴,无持续风向,微风,71,良
15,武汉,2017-01-16,9,3,多云,东北风,1-2级,95,良
16,武汉,2017-01-17,9,4,多云~小雨,无持续风向,微风,91,良
17,武汉,2017-01-18,7,3,小雨~多云,无持续风向,微风,123,轻度污染
18,武汉,2017-01-19,10,-2,晴,无持续风向,微风,149,轻度污染
19,武汉,2017-01-20,7,-3,晴~多云,无持续风向,微风,98,良
20,武汉,2017-01-21,9,-1,晴,无持续风向,微风,86,良
21,武汉,2017-01-22,12,-1,晴~多云,无持续风向,微风,134,轻度污染
22,武汉,2017-01-23,13,2,晴~多云,无持续风向,微风,119,轻度污染
23,武汉,2017-01-24,11,2,多云~阴,无持续风向,微风,89,良
24,武汉,2017-01-25,13,0,晴,无持续风向,微风,111,轻度污染
25,武汉,2017-01-26,15,3,晴,无持续风向,微风,87,良
26,武汉,2017-01-27,12,4,多云,无持续风向,微风,169,中度污染
27,武汉,2017-01-28,15,6,多云~阴,无持续风向,微风,197,中度污染
28,武汉,2017-01-29,10,0,小雨~多云,无持续风向,4-5级,156,中度污染
29,武汉,2017-01-30,7,1,多云,无持续风向,微风,148,轻度污染
30,武汉,2017-01-31,4,2,小雨,无持续风向,微风,96,良
31,武汉,2017-02-01,6,2,小雨,无持续风向,微风,81,良
32,武汉,2017-02-02,4,3,小雨,无持续风向,微风,88,良
33,武汉,2017-02-03,6,3,小雨,无持续风向,微风,88,良
34,武汉,2017-02-04,11,2,多云~晴,无持续风向,微风,63,良
35,武汉,2017-02-05,13,2,晴~多云,无持续风向,微风,78,良
36,武汉,2017-02-06,12,4,多云~阴,无持续风向,微风,114,轻度污染
37,武汉,2017-02-07,8,0,小雨,无持续风向,3-4级,82,良
38,武汉,2017-02-08,4,-3,雨夹雪~晴,无持续风向,3-4级,61,良
39,武汉,2017-02-09,8,-3,多云~晴,无持续风向,微风,112,轻度污染
40,武汉,2017-02-10,10,-2,阴~多云,无持续风向,微风,89,良
41,武汉,2017-02-11,11,-2,多云~晴,无持续风向,微风,67,良
42,武汉,2017-02-12,14,0,晴,无持续风向,微风,97,良
43,武汉,2017-02-13,16,2,晴~多云,东南风,1-2级,98,良
44,武汉,2017-02-14,16,5,多云,东南风,1-2级,80,良
45,武汉,2017-02-15,18,9,多云~小雨,南风,1-2级,116,轻度污染
46,武汉,2017-02-16,21,9,多云,无持续风向,微风,121,轻度污染
47,武汉,2017-02-17,16,6,多云~小雨,无持续风向,微风,210,重度污染
48,武汉,2017-02-18,15,9,晴~多云,无持续风向,微风,127,轻度污染
49,武汉,2017-02-19,21,9,多云~阵雨,无持续风向,微风,181,中度污染
50,武汉,2017-02-20,15,5,多云~阴,无持续风向,3-4级,141,轻度污染
51,武汉,2017-02-21,6,0,中雨,北风,4-5级,48,优
52,武汉,2017-02-22,6,2,小雨~阴,无持续风向,3-4级,82,良
53,武汉,2017-02-23,9,1,多云,无持续风向,微风,86,良
54,武汉,2017-02-24,12,2,多云,无持续风向,微风,79,良
55,武汉,2017-02-25,14,3,多云,无持续风向,微风,88,良
56,武汉,2017-02-26,17,2,多云,无持续风向,微风,96,良
57,武汉,2017-02-27,18,5,多云,无持续风向,微风,104,轻度污染
58,武汉,2017-02-28,18,6,多云,东南风,1-2级,100,良
59,武汉,2017-03-01,16,0,晴,西北风,4-5级,104,轻度污染
60,武汉,2017-03-02,14,4,晴~多云,东南风,1-2级,81,良
61,武汉,2017-03-03,15,8,多云~阴,无持续风向,微风,80,良
62,武汉,2017-03-04,12,7,小雨~阴,无持续风向,微风,108,轻度污染
63,武汉,2017-03-05,15,8,多云,无持续风向,微风,83,良
64,武汉,2017-03-06,16,4,多云,无持续风向,微风,255,重度污染
65,武汉,2017-03-07,17,4,多云,无持续风向,微风,193,中度污染
66,武汉,2017-03-08,17,5,多云,无持续风向,微风,114,轻度污染
67,武汉,2017-03-09,18,7,多云,无持续风向,微风,112,轻度污染
68,武汉,2017-03-10,15,11,小雨,无持续风向,微风,82,良
69,武汉,2017-03-11,19,12,小雨,无持续风向,微风,103,轻度污染
70,武汉,2017-03-12,15,4,中雨,东北风,3-4级,82,良
71,武汉,2017-03-13,12,4,小雨~多云,无持续风向,3-4级,40,优
72,武汉,2017-03-14,14,5,多云,东北风,1-2级,57,良
73,武汉,2017-03-15,12,5,小雨~阴,无持续风向,微风,67,良
74,武汉,2017-03-16,14,7,多云~阴,无持续风向,微风,88,良
75,武汉,2017-03-17,13,9,小雨~多云,无持续风向,微风,101,轻度污染
76,武汉,2017-03-18,14,9,小雨,无持续风向,微风,120,轻度污染
77,武汉,2017-03-19,12,8,小雨~中雨,无持续风向,微风,109,轻度污染
78,武汉,2017-03-20,15,7,阴~多云,无持续风向,3-4级,64,良
79,武汉,2017-03-21,16,9,小雨~中雨,无持续风向,微风,70,良
80,武汉,2017-03-22,12,6,小雨~多云,无持续风向,微风,50,优
81,武汉,2017-03-23,14,9,阴~小雨,东风,1-2级,63,良
82,武汉,2017-03-24,11,7,小雨~多云,无持续风向,3-4级,48,优
83,武汉,2017-03-25,17,7,多云,西北风,1-2级,75,良
84,武汉,2017-03-26,20,7,晴,西北风,1-2级,98,良
85,武汉,2017-03-27,22,10,多云,无持续风向,微风,99,良
86,武汉,2017-03-28,24,11,多云~晴,无持续风向,微风,86,良
87,武汉,2017-03-29,21,14,多云~中雨,无持续风向,微风,104,轻度污染
88,武汉,2017-03-30,18,10,中雨~阴,无持续风向,3-4级,87,良
89,武汉,2017-03-31,18,7,多云,无持续风向,微风,58,良
90,武汉,2017-04-01,20,7,多云~晴,无持续风向,微风,87,良
91,武汉,2017-04-02,22,13,晴~多云,无持续风向,微风,81,良
92,武汉,2017-04-03,22,16,阴~小雨,无持续风向,微风,88,良
93,武汉,2017-04-04,20,15,小雨,无持续风向,微风,86,良
94,武汉,2017-04-05,20,15,小雨~大雨,东北风,1-2级,105,轻度污染
95,武汉,2017-04-06,19,16,中雨~多云,无持续风向,微风,51,良
96,武汉,2017-04-07,23,17,多云,东南风,1-2级,67,良
97,武汉,2017-04-08,22,15,大雨~中雨,无持续风向,3-4级,64,良
98,武汉,2017-04-09,19,9,小雨,无持续风向,4-5级,25,优
99,武汉,2017-04-10,12,6,小雨~多云,无持续风向,微风,24,优
100,武汉,2017-04-11,17,8,多云,无持续风向,微风,57,良
101,武汉,2017-04-12,21,10,多云~晴,无持续风向,微风,73,良
102,武汉,2017-04-13,23,12,晴,无持续风向,微风,81,良
103,武汉,2017-04-14,27,15,多云~晴,无持续风向,微风,79,良
104,武汉,2017-04-15,28,19,阵雨~中雨,无持续风向,微风,92,良
105,武汉,2017-04-16,26,15,中雨,无持续风向,微风,86,良
106,武汉,2017-04-17,26,16,多云~晴,西风,1-2级,50,优
107,武汉,2017-04-18,28,17,多云,西风,1-2级,85,良
108,武汉,2017-04-19,25,16,小雨~多云,南风,1-2级,108,轻度污染
109,武汉,2017-04-20,25,14,多云~小雨,无持续风向,3-4级,68,良
110,武汉,2017-04-21,23,11,多云,无持续风向,微风,78,良
111,武汉,2017-04-22,23,12,晴,无持续风向,微风,86,良
112,武汉,2017-04-23,26,13,晴~多云,无持续风向,微风,87,良
113,武汉,2017-04-24,27,17,多云~小雨,无持续风向,微风,91,良
114,武汉,2017-04-25,22,15,大雨~中雨,无持续风向,3-4级,85,良
115,武汉,2017-04-26,17,13,小雨~阴,无持续风向,3-4级,80,良
116,武汉,2017-04-27,23,10,多云~阴,无持续风向,微风,65,良
117,武汉,2017-04-28,26,13,晴,无持续风向,微风,76,良
118,武汉,2017-04-29,28,15,晴~多云,西南风,1-2级,73,良
119,武汉,2017-04-30,28,18,多云,南风,1-2级,91,良
120,武汉,2017-05-01,25,18,阵雨~多云,东风,1-2级,88,良
121,武汉,2017-05-02,26,18,多云,无持续风向,微风,73,良
122,武汉,2017-05-03,22,17,大雨~中雨,无持续风向,5-6级,48,优
123,武汉,2017-05-04,25,14,多云~晴,无持续风向,4-5级,34,优
124,武汉,2017-05-05,27,15,多云,无持续风向,微风,78,良
125,武汉,2017-05-06,23,15,小雨~多云,无持续风向,微风,415,严重污染
126,武汉,2017-05-07,21,16,小雨,无持续风向,微风,202,重度污染
127,武汉,2017-05-08,24,15,多云~晴,无持续风向,微风,56,良
128,武汉,2017-05-09,28,17,晴,无持续风向,微风,61,良
129,武汉,2017-05-10,27,18,多云~小雨,无持续风向,微风,83,良
130,武汉,2017-05-11,25,16,中雨~阵雨,无持续风向,微风,95,良
131,武汉,2017-05-12,28,17,多云~晴,无持续风向,微风,46,优
132,武汉,2017-05-13,31,18,晴~多云,无持续风向,微风,69,良
133,武汉,2017-05-14,31,20,多云,东风,1-2级,111,轻度污染
134,武汉,2017-05-15,26,15,阵雨~多云,无持续风向,3-4级,71,良
135,武汉,2017-05-16,28,16,多云,无持续风向,微风,70,良
136,武汉,2017-05-17,28,18,晴,无持续风向,微风,83,良
137,武汉,2017-05-18,30,20,多云,无持续风向,微风,104,轻度污染
138,武汉,2017-05-19,28,21,阵雨~多云,无持续风向,微风,95,良
139,武汉,2017-05-20,30,21,多云,无持续风向,微风,99,良
140,武汉,2017-05-21,30,22,多云~小雨,无持续风向,微风,90,良
141,武汉,2017-05-22,26,20,中雨,无持续风向,微风,55,良
142,武汉,2017-05-23,23,17,阴~多云,无持续风向,4-5级,32,优
143,武汉,2017-05-24,24,14,多云~晴,无持续风向,微风,49,优
144,武汉,2017-05-25,28,16,晴,无持续风向,微风,67,良
145,武汉,2017-05-26,31,17,晴,西南风,1-2级,86,良
146,武汉,2017-05-27,32,19,晴,西南风,1-2级,90,良
147,武汉,2017-05-28,32,19,晴,东南风,1-2级,98,良
148,武汉,2017-05-29,33,22,多云,无持续风向,微风,90,良
149,武汉,2017-05-30,33,24,多云,无持续风向,微风,92,良
150,武汉,2017-05-31,32,24,多云~阵雨,无持续风向,微风,85,良
151,武汉,2017-06-01,31,22,多云,无持续风向,微风,59,良
152,武汉,2017-06-02,32,23,多云,无持续风向,微风,81,良
153,武汉,2017-06-03,31,24,阵雨~多云,无持续风向,微风,96,良
154,武汉,2017-06-04,30,19,阵雨~中雨,无持续风向,微风,82,良
155,武汉,2017-06-05,23,17,大雨~小雨,无持续风向,3-4级,41,优
156,武汉,2017-06-06,27,18,多云,无持续风向,微风,33,优
157,武汉,2017-06-07,29,20,晴,无持续风向,微风,58,良
158,武汉,2017-06-08,31,23,多云~小雨,无持续风向,微风,66,良
159,武汉,2017-06-09,29,24,大雨,无持续风向,微风,47,优
160,武汉,2017-06-10,28,22,中雨~小雨,西风,3-4级,44,优
161,武汉,2017-06-11,27,22,阵雨~多云,东北风,1-2级,40,优
162,武汉,2017-06-12,27,23,小雨,东北风,1-2级,37,优
163,武汉,2017-06-13,26,21,小雨,无持续风向,微风,32,优
164,武汉,2017-06-14,27,21,多云,无持续风向,微风,53,良
165,武汉,2017-06-15,25,19,阵雨~多云,无持续风向,微风,60,良
166,武汉,2017-06-16,28,20,多云,无持续风向,微风,62,良
167,武汉,2017-06-17,30,22,多云,无持续风向,微风,71,良
168,武汉,2017-06-18,29,21,阴~多云,无持续风向,微风,64,良
169,武汉,2017-06-19,30,22,多云,无持续风向,微风,65,良
170,武汉,2017-06-20,32,22,多云,无持续风向,微风,77,良
171,武汉,2017-06-21,32,23,多云,无持续风向,微风,67,良
172,武汉,2017-06-22,32,22,多云~中雨,南风,1-2级,54,良
173,武汉,2017-06-23,27,23,大雨,东南风,1-2级,48,优
174,武汉,2017-06-24,31,23,小雨,西北风,1-2级,55,良
175,武汉,2017-06-25,28,23,阵雨~多云,无持续风向,微风,64,良
176,武汉,2017-06-26,31,22,阵雨~多云,无持续风向,微风,53,良
177,武汉,2017-06-27,31,23,多云,无持续风向,微风,46,优
178,武汉,2017-06-28,30,23,阵雨~多云,无持续风向,微风,54,良
179,武汉,2017-06-29,30,23,多云~中雨,无持续风向,微风,56,良
180,武汉,2017-06-30,27,23,暴雨~大雨,无持续风向,微风,23,优
181,武汉,2017-07-01,26,22,大雨~中雨,无持续风向,微风,19,优
182,武汉,2017-07-02,30,24,阵雨~多云,无持续风向,微风,30,优
183,武汉,2017-07-03,33,25,阵雨~多云,无持续风向,微风,48,优
184,武汉,2017-07-04,33,25,阵雨~多云,无持续风向,微风,42,优
185,武汉,2017-07-05,33,26,小雨~多云,无持续风向,微风,39,优
186,武汉,2017-07-06,34,27,阵雨~多云,南风,3-4级,42,优
187,武汉,2017-07-07,31,26,多云~小雨,南风,3-4级,42,优
188,武汉,2017-07-08,31,26,中雨,无持续风向,微风,44,优
189,武汉,2017-07-09,29,24,大雨~小雨,无持续风向,微风,30,优
190,武汉,2017-07-10,31,22,阴~多云,南风,1-2级,32,优
191,武汉,2017-07-11,33,26,阵雨~多云,无持续风向,微风,34,优
192,武汉,2017-07-12,34,27,多云,无持续风向,微风,34,优
193,武汉,2017-07-13,34,27,阴~多云,无持续风向,微风,48,优
194,武汉,2017-07-14,33,28,阴~多云,无持续风向,微风,45,优
195,武汉,2017-07-15,35,28,多云,南风,3-4级,55,良
196,武汉,2017-07-16,35,27,多云,南风,1-2级,55,良
197,武汉,2017-07-17,37,28,晴~多云,南风,1-2级,55,良
198,武汉,2017-07-18,36,28,多云,无持续风向,微风,50,优
199,武汉,2017-07-19,36,28,多云~晴,无持续风向,微风,36,优
200,武汉,2017-07-20,35,27,多云~晴,无持续风向,微风,36,优
201,武汉,2017-07-21,36,27,晴,无持续风向,微风,41,优
202,武汉,2017-07-22,37,27,晴,无持续风向,微风,56,良
203,武汉,2017-07-23,37,29,晴,无持续风向,微风,64,良
204,武汉,2017-07-24,38,28,晴,无持续风向,微风,61,良
205,武汉,2017-07-25,39,29,晴,无持续风向,微风,77,良
206,武汉,2017-07-26,39,28,晴,无持续风向,微风,72,良
207,武汉,2017-07-27,39,29,晴,东南风,1-2级,79,良
208,武汉,2017-07-28,39,29,晴,无持续风向,微风,91,良
209,武汉,2017-07-29,38,28,多云~晴,无持续风向,微风,94,良
210,武汉,2017-07-30,35,26,多云,无持续风向,微风,71,良
211,武汉,2017-07-31,32,25,小雨~阵雨,无持续风向,微风,47,优
212,武汉,2017-08-01,31,26,中雨~小雨,西北风,3-4级,25,优
213,武汉,2017-08-02,30,25,阵雨,西风,1-2级,25,优
214,武汉,2017-08-03,34,27,小雨~多云,无持续风向,微风,47,优
215,武汉,2017-08-04,35,26,小雨~多云,无持续风向,微风,61,良
216,武汉,2017-08-05,36,28,阵雨~多云,无持续风向,微风,64,良
217,武汉,2017-08-06,36,28,多云,无持续风向,微风,56,良
218,武汉,2017-08-07,36,28,多云~小雨,无持续风向,微风,54,良
219,武汉,2017-08-08,32,24,阵雨~中雨,无持续风向,微风,41,优
220,武汉,2017-08-09,31,23,多云,无持续风向,微风,44,优
221,武汉,2017-08-10,34,26,晴~多云,无持续风向,微风,45,优
222,武汉,2017-08-11,33,25,多云~中雨,无持续风向,微风,60,良
223,武汉,2017-08-12,28,24,大雨~暴雨,东南风,1-2级,22,优
224,武汉,2017-08-13,29,24,小雨,西北风,3-4级,24,优
225,武汉,2017-08-14,31,24,小雨~多云,东北风,1-2级,48,优
226,武汉,2017-08-15,32,25,多云,无持续风向,微风,63,良
227,武汉,2017-08-16,32,24,多云~小雨,无持续风向,微风,63,良
228,武汉,2017-08-17,31,24,阵雨~小雨,无持续风向,微风,34,优
229,武汉,2017-08-18,33,26,阵雨~多云,无持续风向,微风,49,优
230,武汉,2017-08-19,34,26,小雨,无持续风向,微风,48,优
231,武汉,2017-08-20,33,25,小雨,无持续风向,微风,54,良
232,武汉,2017-08-21,34,26,小雨~多云,无持续风向,微风,58,良
233,武汉,2017-08-22,34,25,多云,东风,1-2级,59,良
234,武汉,2017-08-23,35,26,多云,东风,1-2级,56,良
235,武汉,2017-08-24,34,27,多云~晴,无持续风向,微风,57,良
236,武汉,2017-08-25,34,26,小雨~多云,无持续风向,微风,47,优
237,武汉,2017-08-26,32,24,阵雨~多云,无持续风向,微风,47,优
238,武汉,2017-08-27,35,25,多云~晴,无持续风向,微风,59,良
239,武汉,2017-08-28,35,24,多云~晴,无持续风向,微风,54,良
240,武汉,2017-08-29,34,22,小雨,无持续风向,微风,48,优
241,武汉,2017-08-30,27,20,多云,无持续风向,微风,27,优
242,武汉,2017-08-31,25,21,阴~多云,无持续风向,微风,36,优
243,武汉,2017-09-01,26,21,阴~多云,无持续风向,微风,38,优
244,武汉,2017-09-02,25,21,小雨,无持续风向,微风,43,优
245,武汉,2017-09-03,24,20,小雨~阴,无持续风向,微风,23,优
246,武汉,2017-09-04,27,21,多云~晴,无持续风向,微风,35,优
247,武汉,2017-09-05,28,21,多云~阵雨,无持续风向,微风,50,优
248,武汉,2017-09-06,25,20,小雨~多云,无持续风向,微风,33,优
249,武汉,2017-09-07,29,21,晴,无持续风向,微风,52,良
250,武汉,2017-09-08,31,23,多云,无持续风向,微风,83,良
251,武汉,2017-09-09,30,22,小雨,无持续风向,微风,84,良
252,武汉,2017-09-10,27,20,小雨,无持续风向,微风,50,优
253,武汉,2017-09-11,28,19,晴,无持续风向,微风,38,优
254,武汉,2017-09-12,30,20,晴,无持续风向,微风,58,良
255,武汉,2017-09-13,30,20,晴,无持续风向,微风,70,良
256,武汉,2017-09-14,29,18,晴,无持续风向,微风,72,良
257,武汉,2017-09-15,30,18,晴,无持续风向,微风,71,良
258,武汉,2017-09-16,30,19,多云,无持续风向,微风,75,良
259,武汉,2017-09-17,29,20,晴,无持续风向,微风,79,良
260,武汉,2017-09-18,28,21,多云~小雨,无持续风向,微风,102,轻度污染
261,武汉,2017-09-19,24,18,大雨~中雨,无持续风向,微风,76,良
262,武汉,2017-09-20,24,18,小雨~多云,无持续风向,微风,43,优
263,武汉,2017-09-21,25,20,阵雨~多云,无持续风向,微风,59,良
264,武汉,2017-09-22,28,20,多云~小雨,无持续风向,微风,73,良
265,武汉,2017-09-23,27,22,小雨,东风,1-2级,54,良
266,武汉,2017-09-24,29,22,阵雨,东南风,1-2级,55,良
267,武汉,2017-09-25,31,23,阵雨~多云,无持续风向,微风,65,良
268,武汉,2017-09-26,30,23,多云~小雨,无持续风向,微风,56,良
269,武汉,2017-09-27,26,20,中雨,无持续风向,微风,27,优
270,武汉,2017-09-28,24,19,多云,无持续风向,微风,33,优
271,武汉,2017-09-29,23,19,多云,无持续风向,微风,39,优
272,武汉,2017-09-30,27,21,多云,无持续风向,微风,51,良
273,武汉,2017-10-01,31,21,阵雨~中雨,无持续风向,微风,65,良
274,武汉,2017-10-02,24,18,小雨,无持续风向,微风,22,优
275,武汉,2017-10-03,21,15,小雨,无持续风向,4-5级,19,优
276,武汉,2017-10-04,17,14,小雨,无持续风向,4-5级,17,优
277,武汉,2017-10-05,16,14,小雨,西北风,1-2级,18,优
278,武汉,2017-10-06,21,16,多云,东北风,1-2级,39,优
279,武汉,2017-10-07,26,20,多云,无持续风向,微风,56,良
280,武汉,2017-10-08,29,19,多云~晴,无持续风向,微风,82,良
281,武汉,2017-10-09,31,18,多云~晴,无持续风向,微风,94,良
282,武汉,2017-10-10,28,15,多云~小雨,西北风,4-5级,64,良
283,武汉,2017-10-11,16,12,小雨,无持续风向,4-5级,29,优
284,武汉,2017-10-12,14,12,小雨~阴,无持续风向,3-4级,16,优
285,武汉,2017-10-13,17,14,阵雨~小雨,无持续风向,微风,27,优
286,武汉,2017-10-14,19,14,阴,无持续风向,微风,39,优
287,武汉,2017-10-15,19,15,阴~小雨,无持续风向,微风,29,优
288,武汉,2017-10-16,16,14,中雨~小雨,无持续风向,微风,24,优
289,武汉,2017-10-17,17,13,小雨,无持续风向,微风,31,优
290,武汉,2017-10-18,17,13,小雨,无持续风向,微风,36,优
291,武汉,2017-10-19,17,12,小雨~多云,无持续风向,微风,35,优
292,武汉,2017-10-20,22,12,多云,东北风,1-2级,67,良
293,武汉,2017-10-21,22,11,晴,无持续风向,微风,60,良
294,武汉,2017-10-22,23,14,晴~多云,无持续风向,微风,84,良
295,武汉,2017-10-23,20,11,多云~晴,东北风,1-2级,133,轻度污染
296,武汉,2017-10-24,21,12,晴,无持续风向,微风,100,良
297,武汉,2017-10-25,19,13,多云,无持续风向,微风,73,良
298,武汉,2017-10-26,23,12,晴,无持续风向,微风,77,良
299,武汉,2017-10-27,23,13,晴,无持续风向,微风,105,轻度污染
300,武汉,2017-10-28,23,11,晴,无持续风向,微风,95,良
301,武汉,2017-10-29,20,8,晴,无持续风向,4-5级,87,良
302,武汉,2017-10-30,17,6,晴,无持续风向,微风,60,良
303,武汉,2017-10-31,19,9,晴,无持续风向,微风,83,良
304,武汉,2017-11-01,22,9,晴,无持续风向,微风,102,轻度污染
305,武汉,2017-11-02,23,10,晴,南风,1-2级,117,轻度污染
306,武汉,2017-11-03,23,9,晴~多云,无持续风向,3-4级,160,中度污染
307,武汉,2017-11-04,20,7,晴,无持续风向,微风,129,轻度污染
308,武汉,2017-11-05,19,7,晴~多云,东风,1-2级,66,良
309,武汉,2017-11-06,19,12,多云,无持续风向,微风,93,良
310,武汉,2017-11-07,22,10,多云~晴,无持续风向,微风,136,轻度污染
311,武汉,2017-11-08,23,11,晴,无持续风向,微风,186,中度污染
312,武汉,2017-11-09,23,12,晴~多云,无持续风向,微风,123,轻度污染
313,武汉,2017-11-10,19,9,阴,无持续风向,微风,119,轻度污染
314,武汉,2017-11-11,17,9,阴,无持续风向,3-4级,73,良
315,武汉,2017-11-12,15,11,多云~阴,无持续风向,微风,74,良
316,武汉,2017-11-13,15,9,阴,无持续风向,微风,76,良
317,武汉,2017-11-14,17,10,多云~晴,无持续风向,微风,88,良
318,武汉,2017-11-15,18,12,多云~小雨,东风,1-2级,130,轻度污染
319,武汉,2017-11-16,18,14,小雨,东风,1-2级,124,轻度污染
320,武汉,2017-11-17,16,8,小雨,无持续风向,4-5级,109,轻度污染
321,武汉,2017-11-18,13,4,多云,无持续风向,3-4级,78,良
322,武汉,2017-11-19,9,5,多云~小雨,无持续风向,微风,72,良
323,武汉,2017-11-20,12,6,多云,无持续风向,微风,78,良
324,武汉,2017-11-21,12,6,多云,无持续风向,微风,91,良
325,武汉,2017-11-22,13,4,多云,无持续风向,3-4级,102,轻度污染
326,武汉,2017-11-23,15,2,多云,无持续风向,微风,85,良
327,武汉,2017-11-24,16,4,多云,无持续风向,微风,92,良
328,武汉,2017-11-25,17,4,多云,无持续风向,微风,92,良
329,武汉,2017-11-26,18,5,晴,无持续风向,微风,112,轻度污染
330,武汉,2017-11-27,18,7,晴~多云,无持续风向,微风,125,轻度污染
331,武汉,2017-11-28,18,4,小雨,无持续风向,微风,139,轻度污染
332,武汉,2017-11-29,13,4,小雨,无持续风向,3-4级,166,中度污染
333,武汉,2017-11-30,10,4,阴~多云,东北风,1-2级,59,良
334,武汉,2017-12-01,10,4,多云,东北风,1-2级,74,良
335,武汉,2017-12-02,12,5,多云,无持续风向,微风,90,良
336,武汉,2017-12-03,14,4,多云,无持续风向,微风,109,轻度污染
337,武汉,2017-12-04,12,1,晴,无持续风向,微风,207,重度污染
338,武汉,2017-12-05,12,1,晴,无持续风向,微风,202,重度污染
339,武汉,2017-12-06,13,5,晴,东南风,1-2级,173,中度污染
340,武汉,2017-12-07,12,0,阴~晴,无持续风向,微风,140,轻度污染
341,武汉,2017-12-08,8,0,多云,东北风,1-2级,118,轻度污染
342,武汉,2017-12-09,12,1,晴,无持续风向,微风,95,良
343,武汉,2017-12-10,12,-1,晴,无持续风向,微风,114,轻度污染
344,武汉,2017-12-11,12,1,晴~多云,无持续风向,微风,93,良
345,武汉,2017-12-12,12,3,晴~多云,无持续风向,微风,91,良
346,武汉,2017-12-13,8,4,小雨,无持续风向,微风,100,良
347,武汉,2017-12-14,6,3,阴~小雨,无持续风向,3-4级,64,良
348,武汉,2017-12-15,7,1,多云~晴,无持续风向,微风,76,良
349,武汉,2017-12-16,7,-5,晴,无持续风向,微风,122,轻度污染
350,武汉,2017-12-17,8,-4,晴,无持续风向,微风,93,良
351,武汉,2017-12-18,10,-3,晴,无持续风向,微风,104,轻度污染
352,武汉,2017-12-19,11,-3,晴,无持续风向,微风,115,轻度污染
353,武汉,2017-12-20,13,-3,晴,无持续风向,微风,113,轻度污染
354,武汉,2017-12-21,15,-1,晴,无持续风向,微风,133,轻度污染
355,武汉,2017-12-22,17,2,晴,无持续风向,微风,114,轻度污染
356,武汉,2017-12-23,13,1,多云,无持续风向,微风,159,中度污染
357,武汉,2017-12-24,12,-2,多云~晴,无持续风向,3-4级,179,中度污染
358,武汉,2017-12-25,13,0,晴,无持续风向,微风,93,良
359,武汉,2017-12-26,14,1,多云,无持续风向,微风,115,轻度污染
360,武汉,2017-12-27,13,4,多云~阴,无持续风向,微风,142,轻度污染
361,武汉,2017-12-28,10,3,小雨~多云,无持续风向,微风,169,中度污染
362,武汉,2017-12-29,14,4,多云,无持续风向,微风,171,中度污染
363,武汉,2017-12-30,12,-1,晴,无持续风向,3-4级,187,中度污染
364,武汉,2017-12-31,13,1,晴,东南风,1-2级,171,中度污染
365,武汉,2018-01-01,11,6,多云,东南风,1-2级,130,轻度污染
366,武汉,2018-01-02,8,2,小雨,无持续风向,微风,158,中度污染
367,武汉,2018-01-03,6,-1,中雨,东北风,3-4级,129,轻度污染
368,武汉,2018-01-04,3,-3,中雪~小雪,无持续风向,微风,48,优
369,武汉,2018-01-05,0,-1,阴~雨夹雪,无持续风向,微风,105,轻度污染
370,武汉,2018-01-06,1,-2,小雨~雨夹雪,东北风,1-2级,99,良
371,武汉,2018-01-07,1,-3,雨夹雪~小雪,无持续风向,微风,161,中度污染
372,武汉,2018-01-08,2,-5,多云,西北风,3-4级,109,轻度污染
373,武汉,2018-01-09,6,-5,多云,西风,1-2级,73,良
374,武汉,2018-01-10,9,-6,晴,西北风,1-2级,83,良
375,武汉,2018-01-11,10,-6,晴,东北风,1-2级,76,良
376,武汉,2018-01-12,10,-3,多云,东风,1-2级,103,轻度污染
377,武汉,2018-01-13,10,1,多云,东南风,1-2级,93,良
378,武汉,2018-01-14,12,2,多云,南风,1-2级,100,良
379,武汉,2018-01-15,14,5,多云~小雨,东风,1-2级,125,轻度污染
380,武汉,2018-01-16,10,3,小雨~多云,南风,1-2级,165,中度污染
381,武汉,2018-01-17,11,3,多云,南风,1-2级,147,轻度污染
382,武汉,2018-01-18,11,5,多云~小雨,东北风,1-2级,188,中度污染
383,武汉,2018-01-19,10,5,阴,南风,1-2级,211,重度污染
384,武汉,2018-01-20,9,4,阴~小雨,无持续风向,微风,223,重度污染
385,武汉,2018-01-21,8,0,小雨~多云,无持续风向,微风,171,中度污染
386,武汉,2018-01-22,10,0,多云,东风,1-2级,114,轻度污染
387,武汉,2018-01-23,9,0,多云~小雨,东北风,1-2级,156,中度污染
388,武汉,2018-01-24,3,-1,小雨~冻雨,东北风,1-2级,74,良
389,武汉,2018-01-25,0,-3,大雪~中雪,无持续风向,微风,49,优
390,武汉,2018-01-26,0,-4,小雪~大雪,东北风,1-2级,56,良
391,武汉,2018-01-27,-2,-4,大雪~中雪,无持续风向,微风,70,良
392,武汉,2018-01-28,0,-7,小雪~阴,无持续风向,微风,79,良
393,武汉,2018-01-29,2,-7,多云,无持续风向,微风,105,轻度污染
394,武汉,2018-01-30,4,-6,多云,西风,1-2级,102,轻度污染
395,武汉,2018-01-31,6,-7,晴,西北风,1-2级,91,良
396,武汉,2018-02-01,7,-1,多云,无持续风向,微风,106,轻度污染
397,武汉,2018-02-02,6,-6,多云,西北风,1-2级,91,良
398,武汉,2018-02-03,7,-4,多云,无持续风向,微风,67,良
399,武汉,2018-02-04,7,-4,多云~晴,东北风,1-2级,60,良
400,武汉,2018-02-05,8,-4,晴,东北风,1-2级,79,良
401,武汉,2018-02-06,10,-3,晴~多云,无持续风向,微风,95,良
402,武汉,2018-02-07,10,-3,多云,北风,1-2级,118,轻度污染
403,武汉,2018-02-08,10,3,多云,南风,1-2级,121,轻度污染
404,武汉,2018-02-09,11,4,多云~小雨,南风,1-2级,127,轻度污染
405,武汉,2018-02-10,10,-2,多云,西北风,1-2级,172,中度污染
406,武汉,2018-02-11,10,-3,晴,无持续风向,3-4级,156,中度污染
407,武汉,2018-02-12,12,-1,晴,无持续风向,4-5级,82,良
408,武汉,2018-02-13,15,4,晴~多云,东北风,1-2级,91,良
409,武汉,2018-02-14,18,5,多云~阴,东北风,1-2级,115,轻度污染
410,武汉,2018-02-15,11,4,小雨,东北风,1-2级,121,轻度污染
411,武汉,2018-02-16,14,5,多云~晴,西风,1-2级,130,轻度污染
412,武汉,2018-02-17,16,6,多云~小雨,东南风,1-2级,111,轻度污染
413,武汉,2018-02-18,10,4,小雨,无持续风向,微风,120,轻度污染
414,武汉,2018-02-19,7,5,小雨,无持续风向,微风,65,良
415,武汉,2018-02-20,6,3,中雨~多云,无持续风向,微风,29,优
416,武汉,2018-02-21,8,3,小雨~多云,无持续风向,微风,85,良
417,武汉,2018-02-22,12,2,多云~晴,东北风,1-2级,115,轻度污染
418,武汉,2018-02-23,15,6,小雨,南风,1-2级,84,良
419,武汉,2018-02-24,14,3,小雨~多云,东北风,1-2级,73,良
420,武汉,2018-02-25,15,4,多云~晴,东风,1-2级,111,轻度污染
421,武汉,2018-02-26,17,7,多云~小雨,东风,1-2级,105,轻度污染
422,武汉,2018-02-27,12,7,中雨~小雨,东风,1-2级,49,优
423,武汉,2018-02-28,18,7,多云,东北风,1-2级,50,优
424,武汉,2018-03-01,17,8,小雨,东北风,1-2级,77,良
425,武汉,2018-03-02,15,10,小雨,东北风,1-2级,77,良
426,武汉,2018-03-03,21,11,阴~中雨,无持续风向,微风,87,良
427,武汉,2018-03-04,17,6,中雨~小雨,无持续风向,4-5级,57,良
428,武汉,2018-03-05,11,7,阴,东北风,3-4级,37,优
429,武汉,2018-03-06,10,5,小雨,无持续风向,微风,47,优
430,武汉,2018-03-07,8,0,小雨~多云,无持续风向,3-4级,40,优
431,武汉,2018-03-08,14,1,多云~晴,无持续风向,微风,60,良
432,武汉,2018-03-09,15,4,晴,东南风,1-2级,78,良
433,武汉,2018-03-10,18,8,多云,南风,1-2级,82,良
434,武汉,2018-03-11,19,8,多云,东南风,1-2级,80,良
435,武汉,2018-03-12,22,11,多云,西风,1-2级,85,良
436,武汉,2018-03-13,23,13,多云~中雨,西风,1-2级,97,良
437,武汉,2018-03-14,22,12,中雨~小雨,东南风,1-2级,76,良
438,武汉,2018-03-15,23,8,小雨,无持续风向,3-4级,66,良
439,武汉,2018-03-16,17,8,阴,东北风,3-4级,53,良
440,武汉,2018-03-17,16,8,中雨,东风,1-2级,58,良
441,武汉,2018-03-18,11,8,小雨,无持续风向,微风,34,优
442,武汉,2018-03-19,9,6,小雨,无持续风向,3-4级,65,良
443,武汉,2018-03-20,10,2,阴,西南风,3-4级,60,良
444,武汉,2018-03-21,13,4,晴,南风,1-2级,66,良
445,武汉,2018-03-22,14,5,晴,西风,1-2级,91,良
446,武汉,2018-03-23,23,9,多云,东南风,1-2级,99,良
447,武汉,2018-03-24,18,11,小雨,西风,1-2级,88,良
448,武汉,2018-03-25,20,10,阴~多云,东南风,1-2级,72,良
449,武汉,2018-03-26,23,11,多云~晴,西南风,1-2级,73,良
450,武汉,2018-03-27,25,12,晴~多云,西南风,1-2级,74,良
451,武汉,2018-03-28,27,15,多云,南风,1-2级,87,良
452,武汉,2018-03-29,25,13,多云,东北风,1-2级,97,良
453,武汉,2018-03-30,27,14,多云,东风,1-2级,119,轻度污染
454,武汉,2018-03-31,27,15,多云,东风,1-2级,115,轻度污染
455,武汉,2018-04-01,27,16,多云,西南风,1-2级,132,轻度污染
456,武汉,2018-04-02,27,16,多云~晴,东南风,1-2级,91,良
457,武汉,2018-04-03,29,14,雷阵雨~阴,东南风,1-2级,82,良
458,武汉,2018-04-04,23,6,阴~中雨,东北风,3-4级,123,轻度污染
459,武汉,2018-04-05,19,6,中雨,东风,1-2级,41,优
460,武汉,2018-04-06,16,3,多云~晴,无持续风向,3-4级,92,良
461,武汉,2018-04-07,17,6,晴,无持续风向,微风,90,良
462,武汉,2018-04-08,23,10,晴,西南风,3-4级,94,良
463,武汉,2018-04-09,26,14,晴,南风,3-4级,90,良
464,武汉,2018-04-10,26,17,晴~多云,南风,1-2级,97,良
465,武汉,2018-04-11,26,18,小雨,南风,1-2级,107,轻度污染
466,武汉,2018-04-12,25,12,小雨,无持续风向,微风,86,良
467,武汉,2018-04-13,21,12,中雨~小雨,东北风,3-4级,43,优
468,武汉,2018-04-14,18,9,阴~多云,无持续风向,3-4级,49,优
469,武汉,2018-04-15,20,7,多云,东北风,1-2级,298,重度污染
470,武汉,2018-04-16,22,10,多云~晴,东南风,1-2级,263,重度污染
471,武汉,2018-04-17,25,12,晴,南风,1-2级,143,轻度污染
472,武汉,2018-04-18,27,14,晴,南风,1-2级,113,轻度污染
473,武汉,2018-04-19,29,18,多云,南风,1-2级,93,良
474,武汉,2018-04-20,30,20,小雨~中雨,东南风,1-2级,90,良
475,武汉,2018-04-21,30,18,中雨~小雨,东北风,3-4级,62,良
476,武汉,2018-04-22,24,12,大雨~中雨,东风,4-5级,55,良
477,武汉,2018-04-23,19,14,多云~阴,东风,4-5级,33,优
478,武汉,2018-04-24,22,14,阴~多云,东北风,1-2级,61,良
479,武汉,2018-04-25,22,14,多云~小雨,无持续风向,微风,65,良
480,武汉,2018-04-26,23,13,多云,西风,1-2级,70,良
481,武汉,2018-04-27,27,15,晴~阴,西北风,1-2级,85,良
482,武汉,2018-04-28,27,18,多云~小雨,东南风,1-2级,82,良
483,武汉,2018-04-29,27,19,小雨~阴,南风,1-2级,70,良
484,武汉,2018-04-30,30,20,阴~小雨,南风,1-2级,57,良
485,武汉,2018-05-01,27,19,中雨~小雨,西南风,1-2级,47,优
486,武汉,2018-05-02,27,16,多云,无持续风向,4-5级,81,良
487,武汉,2018-05-03,27,17,多云,东风,1-2级,71,良
488,武汉,2018-05-04,27,19,阴~小雨,东南风,3-4级,69,良
489,武汉,2018-05-05,27,18,大雨~暴雨,南风,3-4级,57,良
490,武汉,2018-05-06,25,17,大雨~阴,东风,3-4级,30,优
491,武汉,2018-05-07,24,15,多云~晴,东风,3-4级,32,优
492,武汉,2018-05-08,26,16,晴~多云,东北风,1-2级,43,优
493,武汉,2018-05-09,27,16,阴~多云,西北风,1-2级,75,良
494,武汉,2018-05-10,26,17,多云~小雨,东风,1-2级,67,良
495,武汉,2018-05-11,24,19,中雨,东北风,1-2级,93,良
496,武汉,2018-05-12,27,18,阴~多云,东北风,1-2级,59,良
497,武汉,2018-05-13,31,21,晴~多云,东风,3-4级,69,良
498,武汉,2018-05-14,33,24,多云,南风,4-5级,68,良
499,武汉,2018-05-15,33,25,阴~小雨,南风,5-6级,57,良
500,武汉,2018-05-16,33,25,小雨~多云,西南风,5-6级,56,良
501,武汉,2018-05-17,34,24,多云,西南风,4-5级,57,良
502,武汉,2018-05-18,30,24,中雨,南风,3-4级,50,优
503,武汉,2018-05-19,29,19,小雨,西风,1-2级,42,优
504,武汉,2018-05-20,26,21,小雨,东北风,3-4级,43,优
505,武汉,2018-05-21,27,17,雷阵雨~中雨,东南风,1-2级,36,优
506,武汉,2018-05-22,22,14,小雨~多云,东南风,4-5级,48,优
507,武汉,2018-05-23,23,18,多云,南风,1-2级,105,轻度污染
508,武汉,2018-05-24,30,23,多云,西北风,3-4级,73,良
509,武汉,2018-05-25,31,22,中雨~小雨,西北风,4-5级,68,良
510,武汉,2018-05-26,28,20,阴,无持续风向,3-4级,28,优
511,武汉,2018-05-27,29,19,多云,西北风,1-2级,139,轻度污染
512,武汉,2018-05-28,30,21,多云,西南风,1-2级,103,轻度污染
513,武汉,2018-05-29,28,20,多云~小雨,东南风,1-2级,116,轻度污染
514,武汉,2018-05-30,28,20,小雨~中雨,东南风,3-4级,77,良
515,武汉,2018-05-31,24,18,小雨~多云,西南风,1-2级,50,优
516,武汉,2018-06-01,27,18,多云,东南风,1-2级,73,良
517,武汉,2018-06-02,25,17,多云,东风,1-2级,55,良
518,武汉,2018-06-03,28,20,多云,南风,1-2级,72,良
519,武汉,2018-06-04,28,19,阴~多云,西风,1-2级,73,良
520,武汉,2018-06-05,29,20,阴~多云,西风,1-2级,78,良
521,武汉,2018-06-06,30,20,多云,无持续风向,微风,85,良
522,武汉,2018-06-07,32,23,多云~小雨,南风,1-2级,70,良
523,武汉,2018-06-08,30,22,中雨,东风,1-2级,43,优
524,武汉,2018-06-09,29,20,多云,无持续风向,3-4级,48,优
525,武汉,2018-06-10,29,19,多云~晴,无持续风向,微风,61,良
526,武汉,2018-06-11,32,21,多云~阴,东风,1-2级,69,良
527,武汉,2018-06-12,32,20,多云,南风,1-2级,80,良
528,武汉,2018-06-13,32,21,多云,东北风,1-2级,57,良
529,武汉,2018-06-14,33,23,多云,东南风,1-2级,63,良
530,武汉,2018-06-15,34,22,多云,东风,3-4级,84,良
531,武汉,2018-06-16,33,23,多云~阴,东风,3-4级,97,良
532,武汉,2018-06-17,33,24,多云,西南风,3-4级,92,良
533,武汉,2018-06-18,32,25,多云~大雨,东南风,3-4级,82,良
534,武汉,2018-06-19,29,22,中雨~小雨,西南风,3-4级,58,良
535,武汉,2018-06-20,31,22,阴,无持续风向,3-4级,35,优
536,武汉,2018-06-21,29,24,阴~小雨,东风,1-2级,60,良
537,武汉,2018-06-22,27,23,小雨,东风,3-4级,43,优
538,武汉,2018-06-23,31,24,多云~小雨,东风,1-2级,49,优
539,武汉,2018-06-24,32,26,雷阵雨~多云,南风,3-4级,51,良
540,武汉,2018-06-25,35,27,多云,南风,4-5级,39,优
541,武汉,2018-06-26,35,27,多云,西南风,4-5级,40,优
542,武汉,2018-06-27,35,28,多云,西南风,4-5级,43,优
543,武汉,2018-06-28,35,28,小雨,西南风,4-5级,43,优
544,武汉,2018-06-29,32,25,小雨~中雨,东南风,1-2级,52,良
545,武汉,2018-06-30,29,24,中雨~小雨,东南风,1-2级,42,优
546,武汉,2018-07-01,31,25,小雨,东风,1-2级,40,优
547,武汉,2018-07-02,32,25,小雨,南风,1-2级,49,优
548,武汉,2018-07-03,32,27,小雨,西南风,1-2级,57,良
549,武汉,2018-07-04,34,26,小雨,东北风,3-4级,47,优
550,武汉,2018-07-05,30,25,大雨,西南风,4-5级,29,优
551,武汉,2018-07-06,31,25,多云,无持续风向,3-4级,36,优
552,武汉,2018-07-07,30,25,小雨,无持续风向,4-5级,18,优
553,武汉,2018-07-08,29,25,中雨~小雨,东风,1-2级,31,优
554,武汉,2018-07-09,31,26,小雨,南风,1-2级,28,优
555,武汉,2018-07-10,33,27,小雨~多云,东南风,1-2级,58,良
556,武汉,2018-07-11,35,26,晴~小雨,无持续风向,3-4级,53,良
557,武汉,2018-07-12,31,26,中雨~阴,东北风,3-4级,44,优
558,武汉,2018-07-13,33,27,多云,南风,3-4级,34,优
559,武汉,2018-07-14,35,26,晴,南风,3-4级,48,优
560,武汉,2018-07-15,36,27,晴,东南风,3-4级,48,优
561,武汉,2018-07-16,37,27,多云~阴,东南风,3-4级,56,良
562,武汉,2018-07-17,37,28,多云,东南风,1-2级,58,良
563,武汉,2018-07-18,37,28,多云,东南风,3-4级,54,良
564,武汉,2018-07-19,37,28,多云~晴,东南风,1-2级,49,优
565,武汉,2018-07-20,37,28,晴,东南风,1-2级,57,良
566,武汉,2018-07-21,37,28,晴,东风,1-2级,68,良
567,武汉,2018-07-22,36,27,多云,东北风,3-4级,57,良
568,武汉,2018-07-23,36,27,多云,东北风,1-2级,43,优
569,武汉,2018-07-24,37,28,晴,南风,1-2级,65,良
570,武汉,2018-07-25,37,28,多云,南风,1-2级,47,优
571,武汉,2018-07-26,37,28,晴~多云,南风,3-4级,47,优
572,武汉,2018-07-27,37,28,多云,南风,3-4级,50,优
573,武汉,2018-07-28,37,28,小雨~多云,南风,3-4级,42,优
574,武汉,2018-07-29,37,28,阴~多云,南风,1-2级,50,优
575,武汉,2018-07-30,37,28,雷阵雨~多云,西南风,1-2级,58,良
576,武汉,2018-07-31,37,27,小雨~多云,东风,1-2级,50,优
577,武汉,2018-08-01,35,26,小雨~多云,东南风,1-2级,65,良
578,武汉,2018-08-02,35,26,小雨~多云,东北风,1-2级,64,良
579,武汉,2018-08-03,34,26,多云~小雨,东北风,1-2级,43,优
580,武汉,2018-08-04,33,26,大雨~多云,西南风,1-2级,42,优
581,武汉,2018-08-05,35,26,多云~雷阵雨,南风,1-2级,49,优
582,武汉,2018-08-06,34,26,小雨~多云,南风,1-2级,57,良
583,武汉,2018-08-07,35,27,多云,南风,1-2级,61,良
584,武汉,2018-08-08,36,27,多云,东北风,1-2级,60,良
585,武汉,2018-08-09,37,27,多云,东北风,1-2级,65,良
586,武汉,2018-08-10,37,27,多云,东风,1-2级,68,良
587,武汉,2018-08-11,37,27,多云~晴,东南风,1-2级,83,良
588,武汉,2018-08-12,38,27,多云,无持续风向,微风,77,良
589,武汉,2018-08-13,34,26,小雨,东北风,1-2级,42,优
590,武汉,2018-08-14,35,26,雷阵雨,东风,1-2级,32,优
591,武汉,2018-08-15,36,27,雷阵雨~多云,东北风,1-2级,42,优
592,武汉,2018-08-16,34,25,阴,东北风,5-6级,39,优
593,武汉,2018-08-17,30,24,小雨~中雨,东风,3-4级,34,优
594,武汉,2018-08-18,28,24,小雨,东风,3-4级,36,优
595,武汉,2018-08-19,33,25,阴,南风,3-4级,31,优
596,武汉,2018-08-20,34,25,多云,南风,3-4级,26,优
597,武汉,2018-08-21,34,24,多云,南风,3-4级,34,优
598,武汉,2018-08-22,33,24,多云,无持续风向,3-4级,41,优
599,武汉,2018-08-23,32,22,多云,东北风,4-5级,55,良
600,武汉,2018-08-24,33,22,多云~晴,东北风,3-4级,72,良
601,武汉,2018-08-25,33,23,多云~小雨,东北风,3-4级,70,良
602,武汉,2018-08-26,31,24,小雨~多云,东北风,3-4级,53,良
603,武汉,2018-08-27,33,25,多云,东北风,4-5级,42,优
604,武汉,2018-08-28,33,26,多云,东北风,3-4级,28,优
605,武汉,2018-08-29,35,26,多云,东北风,3-4级,40,优
606,武汉,2018-08-30,35,25,小雨,东风,3-4级,38,优
607,武汉,2018-08-31,33,25,雷阵雨~阵雨,东南风,1-2级,38,优
608,武汉,2018-09-01,32,25,雷阵雨~多云,东南风,1-2级,24,优
609,武汉,2018-09-02,33,26,多云,西南风,1-2级,31,优
610,武汉,2018-09-03,34,23,小雨~多云,西北风,1-2级,47,优
611,武汉,2018-09-04,35,24,多云,东风,1-2级,67,良
612,武汉,2018-09-05,35,24,多云~阴,东南风,3-4级,79,良
613,武汉,2018-09-06,30,21,小雨,无持续风向,3-4级,54,良
614,武汉,2018-09-07,27,18,多云,无持续风向,3-4级,42,优
615,武汉,2018-09-08,29,16,晴,东北风,3-4级,38,优
616,武汉,2018-09-09,29,19,多云,东风,3-4级,52,良
617,武汉,2018-09-10,26,16,多云~晴,东北风,1-2级,54,良
618,武汉,2018-09-11,29,19,多云~阴,东北风,1-2级,58,良
619,武汉,2018-09-12,30,22,多云~阵雨,东风,1-2级,73,良
620,武汉,2018-09-13,28,21,多云,无持续风向,微风,74,良
621,武汉,2018-09-14,32,23,多云,东北风,3-4级,52,良
622,武汉,2018-09-15,33,23,多云,无持续风向,4-5级,46,优
623,武汉,2018-09-16,32,22,多云~阴,东北风,4-5级,60,良
624,武汉,2018-09-17,31,22,多云,东北风,3-4级,43,优
625,武汉,2018-09-18,34,24,多云,东南风,1-2级,33,优
626,武汉,2018-09-19,34,24,多云~小雨,西南风,3-4级,39,优
627,武汉,2018-09-20,29,20,小雨,无持续风向,3-4级,38,优
628,武汉,2018-09-21,26,19,小雨~阴,无持续风向,3-4级,31,优
629,武汉,2018-09-22,27,17,多云,无持续风向,微风,52,良
630,武汉,2018-09-23,29,18,多云,东北风,1-2级,83,良
631,武汉,2018-09-24,28,20,阴,东北风,3-4级,70,良
632,武汉,2018-09-25,24,17,小雨,东风,3-4级,56,良
633,武汉,2018-09-26,23,18,小雨~多云,东北风,3-4级,36,优
634,武汉,2018-09-27,25,17,多云,东北风,1-2级,40,优
635,武汉,2018-09-28,27,15,多云~晴,无持续风向,3-4级,47,优
636,武汉,2018-09-29,28,15,晴,无持续风向,微风,60,良
637,武汉,2018-09-30,28,14,多云,北风,3-4级,76,良
638,武汉,2018-10-01,29,12,多云,无持续风向,3-4级,47,优
639,武汉,2018-10-02,27,13,阴~多云,无持续风向,微风,49,优
640,武汉,2018-10-03,27,14,多云,东北风,1-2级,58,良
641,武汉,2018-10-04,27,12,晴,东北风,1-2级,64,良
642,武汉,2018-10-05,28,12,晴,无持续风向,4-5级,62,良
643,武汉,2018-10-06,29,12,晴,无持续风向,微风,93,良
644,武汉,2018-10-07,27,14,多云,东风,1-2级,101,轻度污染
645,武汉,2018-10-08,25,15,小雨~多云,西北风,3-4级,99,良
646,武汉,2018-10-09,21,13,小雨~多云,西风,1-2级,90,良
647,武汉,2018-10-10,23,9,晴,无持续风向,3-4级,66,良
648,武汉,2018-10-11,23,9,晴,东风,1-2级,55,良
649,武汉,2018-10-12,25,10,晴~多云,东南风,3-4级,60,良
650,武汉,2018-10-13,23,15,多云,东南风,1-2级,72,良
651,武汉,2018-10-14,18,15,小雨~阴,东北风,1-2级,64,良
652,武汉,2018-10-15,18,13,小雨~多云,无持续风向,微风,58,良
653,武汉,2018-10-16,21,13,阴~多云,东北风,1-2级,54,良
654,武汉,2018-10-17,24,12,多云~晴,东北风,3-4级,58,良
655,武汉,2018-10-18,24,13,多云~阴,东风,3-4级,76,良
656,武汉,2018-10-19,19,13,阴,东北风,3-4级,54,良
657,武汉,2018-10-20,19,13,小雨,东风,1-2级,50,优
658,武汉,2018-10-21,18,14,小雨~多云,无持续风向,微风,59,良
659,武汉,2018-10-22,22,12,多云,无持续风向,微风,53,良
660,武汉,2018-10-23,23,12,晴~多云,东北风,1-2级,74,良
661,武汉,2018-10-24,22,15,多云~小雨,东南风,1-2级,90,良
662,武汉,2018-10-25,22,12,小雨~多云,西风,1-2级,74,良
663,武汉,2018-10-26,22,7,晴,北风,3-4级,60,良
664,武汉,2018-10-27,22,8,多云,东北风,1-2级,52,良
665,武汉,2018-10-28,25,9,晴,西风,1-2级,68,良
666,武汉,2018-10-29,26,8,晴~多云,西北风,1-2级,71,良
667,武汉,2018-10-30,25,9,多云,无持续风向,微风,82,良
668,武汉,2018-10-31,26,8,晴,东风,1-2级,79,良
669,武汉,2018-11-01,24,8,多云~阴,东风,3-4级,80,良
670,武汉,2018-11-02,21,9,多云,东北风,3-4级,64,良
671,武汉,2018-11-03,22,13,多云,东风,1-2级,62,良
672,武汉,2018-11-04,25,15,多云,东风,1-2级,76,良
673,武汉,2018-11-05,19,9,小雨,无持续风向,4-5级,89,良
674,武汉,2018-11-06,13,8,中雨~小雨,无持续风向,4-5级,15,优
675,武汉,2018-11-07,9,5,中雨~小雨,无持续风向,3-4级,20,优
676,武汉,2018-11-08,16,4,晴,西南风,1-2级,44,优
677,武汉,2018-11-09,18,8,晴~小雨,东南风,1-2级,51,良
678,武汉,2018-11-10,17,9,小雨,东风,3-4级,47,优
679,武汉,2018-11-11,19,10,多云,无持续风向,3-4级,47,优
680,武汉,2018-11-12,19,7,多云,东北风,1-2级,95,良
681,武汉,2018-11-13,18,11,多云,东风,1-2级,83,良
682,武汉,2018-11-14,15,12,小雨,东北风,1-2级,61,良
683,武汉,2018-11-15,15,11,阴~小雨,无持续风向,3-4级,65,良
684,武汉,2018-11-16,13,9,小雨,东北风,4-5级,61,良
685,武汉,2018-11-17,12,7,小雨,无持续风向,3-4级,58,良
686,武汉,2018-11-18,12,3,小雨~多云,无持续风向,3-4级,40,优
687,武汉,2018-11-19,14,6,多云~小雨,东风,1-2级,73,良
688,武汉,2018-11-20,15,8,多云~小雨,东南风,1-2级,62,良
689,武汉,2018-11-21,14,1,多云~晴,西北风,3级,94,良
690,武汉,2018-11-22,15,3,多云,东北风,2级,114,轻度污染
691,武汉,2018-11-23,18,4,晴~多云,东南风,2级,90,良
692,武汉,2018-11-24,18,7,晴~多云,东北风,2级,98,良
693,武汉,2018-11-25,18,3,晴~多云,西北风,1级,169,中度污染
694,武汉,2018-11-26,19,4,多云,东南风,1级,135,轻度污染
695,武汉,2018-11-27,20,5,晴~多云,东北风,1级,130,轻度污染
696,武汉,2018-11-28,20,6,晴,东南风,1级,138,轻度污染
697,武汉,2018-11-29,20,8,多云~阴,东北风,2级,138,轻度污染
698,武汉,2018-11-30,19,9,多云,东北风,2级,256,重度污染
699,武汉,2018-12-01,17,10,多云~小雨,东北风,2级,216,重度污染
700,武汉,2018-12-02,15,11,小雨,东北风,2级,155,中度污染
701,武汉,2018-12-03,12,6,中雨~小雨,东北风,3级,75,良
702,武汉,2018-12-04,10,6,小雨~多云,东北风,3级,89,良
703,武汉,2018-12-05,10,4,小雨,东北风,3级,65,良
704,武汉,2018-12-06,6,2,小雨,东北风,4级,21,优
705,武汉,2018-12-07,4,0,雨夹雪~小雪,东北风,4级,59,良
706,武汉,2018-12-08,2,0,小雪,东北风,2级,36,优
707,武汉,2018-12-09,3,1,多云~小雨,东北风,2级,53,良
708,武汉,2018-12-10,3,0,小雨~多云,东北风,2级,81,良
709,武汉,2018-12-11,5,-4,多云~晴,东北风,3级,120,轻度污染
710,武汉,2018-12-12,5,-2,多云,东北风,2级,172,中度污染
711,武汉,2018-12-13,8,-2,晴,东北风,1级,144,轻度污染
712,武汉,2018-12-14,9,0,晴~多云,东北风,2级,112,轻度污染
713,武汉,2018-12-15,7,1,阴~多云,西北风,2级,140,轻度污染
714,武汉,2018-12-16,13,0,晴,西南风,2级,175,中度污染
715,武汉,2018-12-17,15,0,晴,西南风,1级,133,轻度污染
716,武汉,2018-12-18,16,0,多云,东南风,2级,120,轻度污染
717,武汉,2018-12-19,11,5,小雨,东北风,2级,95,良
718,武汉,2018-12-20,15,6,晴~多云,东北风,2级,59,良
719,武汉,2018-12-21,13,7,小雨,东北风,2级,76,良
720,武汉,2018-12-22,12,4,小雨,东北风,3级,82,良
721,武汉,2018-12-23,12,3,晴~多云,东北风,3级,82,良
722,武汉,2018-12-24,10,6,多云~小雨,东北风,2级,82,良
723,武汉,2018-12-25,9,3,小雨,东北风,2级,87,良
724,武汉,2018-12-26,7,3,小雨,东北风,3级,87,良
725,武汉,2018-12-27,5,-1,小雨~雨夹雪,东北风,3级,36,优
726,武汉,2018-12-28,4,-2,阴~多云,东北风,4级,58,良
727,武汉,2018-12-29,2,-3,阴~中雪,东北风,3级,50,优
728,武汉,2018-12-30,0,-6,小雪~多云,东北风,2级,48,优
729,武汉,2018-12-31,2,-6,多云~晴,东北风,1级,67,良
730,武汉,2019-01-01,4,-2,多云,东北风,1级,63,良
731,武汉,2019-01-02,5,-3,晴,东北风,1级,82,良
732,武汉,2019-01-03,6,3,多云~小雨,东北风,2级,95,良
733,武汉,2019-01-04,7,2,小雨,东北风,2级,120,轻度污染
734,武汉,2019-01-05,5,-1,多云,东北风,2级,198,中度污染
735,武汉,2019-01-06,6,3,阴~多云,东北风,2级,214,重度污染
736,武汉,2019-01-07,7,2,多云,东北风,2级,154,中度污染
737,武汉,2019-01-08,6,1,阴~小雨,东北风,2级,121,轻度污染
738,武汉,2019-01-09,4,2,小雨,东北风,2级,58,良
739,武汉,2019-01-10,6,1,小雨,东北风,2级,48,优
740,武汉,2019-01-11,5,-3,小雨~多云,西北风,1级,89,良
741,武汉,2019-01-12,8,3,多云,东北风,1级,143,轻度污染
742,武汉,2019-01-13,9,3,多云,东北风,1级,144,轻度污染
743,武汉,2019-01-14,8,2,小雨,东北风,2级,114,轻度污染
744,武汉,2019-01-15,6,-1,阴~雨夹雪,东北风,3级,145,轻度污染
745,武汉,2019-01-16,5,-3,多云~晴,东北风,2级,79,良
746,武汉,2019-01-17,8,0,晴,西南风,1级,130,轻度污染
747,武汉,2019-01-18,12,4,多云~阴,东南风,2级,134,轻度污染
748,武汉,2019-01-19,7,3,小雨,西北风,2级,124,轻度污染
749,武汉,2019-01-20,7,0,多云,东北风,3级,184,中度污染
750,武汉,2019-01-21,10,-2,多云~晴,西北风,2级,187,中度污染
751,武汉,2019-01-22,13,-2,晴,西南风,2级,152,中度污染
752,武汉,2019-01-23,15,-1,晴,东南风,2级,107,轻度污染
753,武汉,2019-01-24,15,5,多云,东南风,2级,108,轻度污染
754,武汉,2019-01-25,12,1,多云,东北风,3级,167,中度污染
755,武汉,2019-01-26,8,2,多云,东北风,2级,196,中度污染
756,武汉,2019-01-27,9,4,多云~阴,东北风,2级,92,良
757,武汉,2019-01-28,7,4,小雨,东北风,2级,177,中度污染
758,武汉,2019-01-29,5,4,小雨,西北风,1级,124,轻度污染
759,武汉,2019-01-30,7,0,小雨~中雨,东北风,2级,67,良
760,武汉,2019-01-31,5,-3,多云,西北风,3级,72,良
761,武汉,2019-02-01,8,4,多云,东南风,2级,105,轻度污染
762,武汉,2019-02-02,10,7,小雨,东南风,2级,78,良
763,武汉,2019-02-03,10,2,小雨~多云,东北风,3级,95,良
764,武汉,2019-02-04,12,1,多云,东北风,2级,148,轻度污染
765,武汉,2019-02-05,12,3,多云,东南风,2级,148,轻度污染
766,武汉,2019-02-06,15,4,阴~小雨,东北风,3级,92,良
767,武汉,2019-02-07,12,1,小雨,东北风,4级,146,轻度污染
768,武汉,2019-02-08,5,0,小雨,东北风,3级,28,优
769,武汉,2019-02-09,2,0,小雨~雨夹雪,东北风,3级,46,优
770,武汉,2019-02-10,2,-2,雨夹雪~阴,东北风,2级,73,良
771,武汉,2019-02-11,5,1,阴~小雨,东南风,2级,97,良
772,武汉,2019-02-12,4,0,小雨,东北风,2级,60,良
773,武汉,2019-02-13,4,1,小雨,东北风,2级,81,良
774,武汉,2019-02-14,6,2,小雨,西北风,2级,43,优
775,武汉,2019-02-15,4,1,小雨,西北风,2级,59,良
776,武汉,2019-02-16,3,0,小雨,东北风,2级,87,良
777,武汉,2019-02-17,3,0,小雨~中雨,东北风,2级,102,轻度污染
778,武汉,2019-02-18,3,-1,小雨,东北风,2级,67,良
779,武汉,2019-02-19,3,0,小雨~多云,西北风,1级,86,良
780,武汉,2019-02-20,5,3,小雨,东北风,2级,123,轻度污染
781,武汉,2019-02-21,5,1,小雨,北风,2级,109,轻度污染
782,武汉,2019-02-22,8,3,阴,东北风,2级,63,良
783,武汉,2019-02-23,8,1,阴~多云,东北风,2级,73,良
784,武汉,2019-02-24,11,2,多云,东南风,1级,83,良
785,武汉,2019-02-25,13,3,多云,东南风,1级,98,良
786,武汉,2019-02-26,10,5,小雨~中雨,东北风,2级,156,中度污染
787,武汉,2019-02-27,9,3,小雨~多云,西北风,2级,61,良
788,武汉,2019-02-28,11,7,多云~小雨,东北风,2级,51,良
789,武汉,2019-03-01,8,5,小雨~中雨,东北风,2级,44,优
790,武汉,2019-03-02,8,1,小雨~多云,东北风,2级,62,良
791,武汉,2019-03-03,13,3,多云~晴,西北风,2级,72,良
792,武汉,2019-03-04,12,1,阴~大雨,东南风,3级,75,良
793,武汉,2019-03-05,12,4,小雨~多云,东北风,2级,54,良
794,武汉,2019-03-06,17,7,多云,东北风,3级,62,良
795,武汉,2019-03-07,12,5,多云,东北风,2级,69,良
796,武汉,2019-03-08,11,6,小雨~阴,东南风,2级,81,良
797,武汉,2019-03-09,13,4,多云,西南风,1级,102,轻度污染
798,武汉,2019-03-10,18,4,多云,西南风,2级,99,良
799,武汉,2019-03-11,20,6,晴,西北风,2级,98,良
800,武汉,2019-03-12,22,8,多云,西南风,2级,86,良
801,武汉,2019-03-13,17,8,小雨~多云,东北风,3级,96,良
802,武汉,2019-03-14,21,7,多云,西北风,2级,76,良
803,武汉,2019-03-15,21,8,多云~阴,西北风,2级,74,良
804,武汉,2019-03-16,20,9,多云~阴,东南风,2级,85,良
805,武汉,2019-03-17,17,9,阴~多云,东南风,2级,76,良
806,武汉,2019-03-18,21,9,晴,西南风,2级,73,良
807,武汉,2019-03-19,24,17,小雨,东南风,3级,76,良
808,武汉,2019-03-20,22,11,小雨,西南风,3级,60,良
809,武汉,2019-03-21,19,8,小雨,东北风,4级,73,良
810,武汉,2019-03-22,12,4,小雨~多云,东北风,3级,45,优
811,武汉,2019-03-23,17,9,多云,东北风,2级,53,良
812,武汉,2019-03-24,15,5,阴~多云,东南风,2级,80,良
813,武汉,2019-03-25,20,7,多云,西南风,2级,50,优
814,武汉,2019-03-26,21,11,多云~小雨,东南风,2级,76,良
815,武汉,2019-03-27,21,13,小雨,东南风,2级,67,良
816,武汉,2019-03-28,20,10,小雨~多云,东南风,2级,77,良
817,武汉,2019-03-29,24,11,多云,东风,2级,83,良
818,武汉,2019-03-30,18,8,多云~阴,东北风,4级,95,良
819,武汉,2019-03-31,19,6,多云~晴,东北风,2级,57,良
820,武汉,2019-04-01,21,11,多云~小雨,东南风,2级,72,良
821,武汉,2019-04-02,15,10,中雨~阴,东北风,3级,57,良
822,武汉,2019-04-03,21,10,阴~多云,东北风,2级,49,优
823,武汉,2019-04-04,19,8,多云~晴,西南风,2级,73,良
824,武汉,2019-04-05,24,12,多云~晴,西南风,3级,52,良
825,武汉,2019-04-06,27,15,多云~晴,西南风,3级,64,良
826,武汉,2019-04-07,29,17,晴~多云,西南风,2级,78,良
827,武汉,2019-04-08,32,13,多云~大雨,东南风,3级,72,良
828,武汉,2019-04-09,24,7,中雨~多云,东北风,4级,42,优
829,武汉,2019-04-10,14,9,小雨,东北风,3级,39,优
830,武汉,2019-04-11,19,9,多云~晴,西北风,2级,54,良
831,武汉,2019-04-12,22,12,晴~多云,东南风,3级,52,良
832,武汉,2019-04-13,23,13,多云,东南风,2级,66,良
833,武汉,2019-04-14,21,11,小雨~多云,东北风,3级,66,良
834,武汉,2019-04-15,23,12,多云~小雨,东南风,2级,61,良
835,武汉,2019-04-16,26,13,多云~晴,西南风,3级,49,优
836,武汉,2019-04-17,29,15,晴~多云,东南风,2级,61,良
837,武汉,2019-04-18,30,19,小雨~中雨,东南风,3级,71,良
838,武汉,2019-04-19,27,18,小雨,东北风,3级,68,良
839,武汉,2019-04-20,28,18,多云~小雨,东北风,2级,79,良
840,武汉,2019-04-21,24,17,小雨,东北风,3级,56,良
841,武汉,2019-04-22,22,17,中雨~小雨,东北风,2级,80,良
842,武汉,2019-04-23,27,19,阴~多云,西南风,1级,60,良
843,武汉,2019-04-24,28,18,多云,东北风,1级,83,良
844,武汉,2019-04-25,30,17,多云,东北风,3级,84,良
845,武汉,2019-04-26,24,15,阴~多云,东北风,3级,53,良
846,武汉,2019-04-27,20,12,小雨,东北风,3级,49,优
847,武汉,2019-04-28,19,14,小雨~大雨,东北风,3级,38,优
848,武汉,2019-04-29,17,11,多云,西北风,2级,20,优
849,武汉,2019-04-30,23,14,多云,西北风,2级,57,良
850,武汉,2019-05-01,25,13,多云,东北风,3级,64,良
851,武汉,2019-05-02,25,13,多云~晴,东南风,2级,59,良
852,武汉,2019-05-03,27,17,多云,东南风,2级,85,良
853,武汉,2019-05-04,28,17,多云,东南风,2级,79,良
854,武汉,2019-05-05,26,18,阴~小雨,东南风,2级,72,良
855,武汉,2019-05-06,22,14,阴,东北风,3级,57,良
856,武汉,2019-05-07,19,12,小雨~多云,东北风,2级,53,良
857,武汉,2019-05-08,22,12,多云,西南风,2级,58,良
858,武汉,2019-05-09,25,15,多云,西南风,2级,60,良
859,武汉,2019-05-10,28,15,多云,西南风,2级,72,良
860,武汉,2019-05-11,29,17,多云,东南风,2级,89,良
861,武汉,2019-05-12,28,18,小雨~多云,东南风,2级,95,良
862,武汉,2019-05-13,26,16,多云,东北风,2级,116,轻度污染
863,武汉,2019-05-14,25,20,中雨~大雨,东北风,2级,116,轻度污染
864,武汉,2019-05-15,23,18,小雨~多云,西北风,1级,44,优
865,武汉,2019-05-16,27,20,小雨,西南风,1级,60,良
866,武汉,2019-05-17,27,19,多云,西北风,1级,57,良
867,武汉,2019-05-18,29,21,小雨~大雨,东南风,2级,67,良
868,武汉,2019-05-19,26,17,小雨~阴,东北风,3级,42,优
869,武汉,2019-05-20,25,14,多云,东北风,3级,78,良
870,武汉,2019-05-21,24,14,多云,西南风,1级,77,良
871,武汉,2019-05-22,28,15,多云,西南风,2级,92,良
872,武汉,2019-05-23,30,18,晴~多云,东南风,2级,94,良
873,武汉,2019-05-24,31,22,小雨~中雨,东南风,3级,75,良
874,武汉,2019-05-25,27,22,大雨,东南风,3级,54,良
875,武汉,2019-05-26,26,21,中雨~多云,西南风,2级,29,优
876,武汉,2019-05-27,28,18,晴~多云,东北风,4级,61,良
877,武汉,2019-05-28,26,17,多云,东北风,3级,48,优
878,武汉,2019-05-29,25,18,多云~小雨,东北风,2级,45,优
879,武汉,2019-05-30,24,18,阴~小雨,西南风,2级,42,优
880,武汉,2019-05-31,27,19,多云~阴,东南风,2级,67,良
881,武汉,2019-06-01,29,19,多云~晴,东南风,2级,67,良
882,武汉,2019-06-02,32,21,多云~晴,西南风,2级,53,良
883,武汉,2019-06-03,32,21,晴,西南风,2级,62,良
884,武汉,2019-06-04,33,25,多云~阴,东南风,3级,66,良
885,武汉,2019-06-05,33,24,小雨~暴雨,东南风,3级,58,良
886,武汉,2019-06-06,31,22,小雨,西北风,3级,34,优
887,武汉,2019-06-07,31,24,晴~多云,东南风,2级,55,良
888,武汉,2019-06-08,30,23,小雨~多云,东南风,2级,52,良
889,武汉,2019-06-09,32,23,多云~晴,西南风,1级,64,良
890,武汉,2019-06-10,33,20,晴~多云,东北风,2级,71,良
891,武汉,2019-06-11,32,23,多云~阴,东南风,3级,63,良
892,武汉,2019-06-12,31,22,阴~多云,东南风,2级,48,优
893,武汉,2019-06-13,30,18,多云~晴,西北风,2级,47,优
894,武汉,2019-06-14,31,19,多云,东南风,2级,69,良
895,武汉,2019-06-15,31,23,阴,东南风,3级,77,良
896,武汉,2019-06-16,27,21,小雨~大雨,东南风,2级,50,优
897,武汉,2019-06-17,25,20,大雨,东南风,3级,29,优
898,武汉,2019-06-18,26,21,小雨,东南风,1级,28,优
899,武汉,2019-06-19,31,24,小雨~中雨,东南风,2级,36,优
900,武汉,2019-06-20,31,22,中雨~大雨,东南风,3级,40,优
901,武汉,2019-06-21,28,23,中雨,东北风,3级,20,优
902,武汉,2019-06-22,27,19,小雨~多云,东北风,2级,30,优
903,武汉,2019-06-23,30,19,多云,东北风,2级,47,优
904,武汉,2019-06-24,30,20,多云,东南风,2级,70,良
905,武汉,2019-06-25,31,20,多云~晴,东南风,2级,70,良
906,武汉,2019-06-26,32,23,晴~多云,东南风,1级,79,良
907,武汉,2019-06-27,33,26,多云~小雨,东南风,2级,73,良
908,武汉,2019-06-28,33,24,中雨~暴雨,东南风,3级,57,良
909,武汉,2019-06-29,28,22,小雨~多云,西北风,2级,31,优
910,武汉,2019-06-30,33,24,多云,西北风,2级,42,优
911,武汉,2019-07-01,33,23,多云,东北风,2级,57,良
912,武汉,2019-07-02,33,23,多云,东北风,2级,76,良
913,武汉,2019-07-03,33,25,多云,东北风,1级,73,良
914,武汉,2019-07-04,30,24,小雨,东北风,2级,60,良
915,武汉,2019-07-05,31,25,阵雨~多云,西南风,2级,61,良
916,武汉,2019-07-06,34,25,阴,西南风,2级,44,优
917,武汉,2019-07-07,33,22,阴~大雨,东北风,2级,63,良
918,武汉,2019-07-08,27,22,小雨,东北风,2级,58,良
919,武汉,2019-07-09,28,21,小雨~多云,东北风,2级,35,优
920,武汉,2019-07-10,30,22,多云,东南风,2级,41,优
921,武汉,2019-07-11,31,24,阴~小雨,东南风,2级,55,良
922,武汉,2019-07-12,27,22,小雨~中雨,东北风,2级,41,优
923,武汉,2019-07-13,31,22,多云,西北风,2级,32,优
924,武汉,2019-07-14,31,22,多云,东南风,2级,52,良
925,武汉,2019-07-15,32,25,多云,东南风,2级,51,良
926,武汉,2019-07-16,32,25,多云~小雨,东南风,2级,43,优
927,武汉,2019-07-17,31,25,小雨~中雨,东北风,2级,54,良
928,武汉,2019-07-18,33,26,小雨~多云,东北风,3级,35,优
929,武汉,2019-07-19,34,25,多云,东北风,3级,35,优
930,武汉,2019-07-20,34,25,多云,西北风,1级,61,良
931,武汉,2019-07-21,35,26,多云~阵雨,东南风,2级,58,良
932,武汉,2019-07-22,34,27,小雨~多云,东南风,2级,54,良
933,武汉,2019-07-23,35,28,多云,西南风,2级,39,优
934,武汉,2019-07-24,36,28,多云,西南风,2级,39,优
935,武汉,2019-07-25,36,28,晴,西南风,3级,42,优
936,武汉,2019-07-26,36,28,晴,西南风,3级,43,优
937,武汉,2019-07-27,37,29,多云,西南风,3级,39,优
938,武汉,2019-07-28,37,30,多云~晴,西南风,3级,41,优
939,武汉,2019-07-29,37,29,多云,西南风,3级,45,优
940,武汉,2019-07-30,37,29,多云,西南风,3级,41,优
941,武汉,2019-07-31,37,29,多云,东南风,1级,43,优
942,武汉,2019-08-01,36,27,多云,东南风,3级,49,优
943,武汉,2019-08-02,36,26,雷阵雨~多云,东南风,3级,48,优
944,武汉,2019-08-03,36,26,阵雨~多云,东南风,2级,40,优
945,武汉,2019-08-04,36,26,多云,东北风,2级,55,良
946,武汉,2019-08-05,36,27,晴~多云,东南风,2级,55,良
947,武汉,2019-08-06,36,26,多云,东北风,1级,47,优
948,武汉,2019-08-07,35,26,小雨~多云,东北风,2级,52,良
949,武汉,2019-08-08,36,26,多云~晴,东北风,3级,42,优
950,武汉,2019-08-09,36,27,晴,东北风,3级,51,良
951,武汉,2019-08-10,34,25,多云~晴,西北风,4级,33,优
952,武汉,2019-08-11,35,25,多云,西北风,3级,33,优
953,武汉,2019-08-12,35,25,晴,东北风,2级,48,优
954,武汉,2019-08-13,36,26,晴~多云,东南风,1级,63,良
955,武汉,2019-08-14,36,26,晴~多云,东北风,2级,61,良
956,武汉,2019-08-15,35,25,晴,东北风,2级,58,良
957,武汉,2019-08-16,37,25,晴,西南风,2级,58,良
958,武汉,2019-08-17,38,26,晴~多云,东南风,2级,88,良
959,武汉,2019-08-18,38,26,晴,东南风,3级,75,良
960,武汉,2019-08-19,38,26,晴~多云,东南风,2级,62,良
961,武汉,2019-08-20,37,26,晴,东南风,2级,80,良
962,武汉,2019-08-21,37,26,晴,东北风,2级,80,良
963,武汉,2019-08-22,36,27,多云~晴,东北风,3级,68,良
964,武汉,2019-08-23,35,26,阵雨~多云,东北风,2级,79,良
965,武汉,2019-08-24,36,26,多云,东北风,2级,76,良
966,武汉,2019-08-25,36,27,晴~阵雨,东北风,3级,66,良
967,武汉,2019-08-26,35,26,雷阵雨~多云,东南风,3级,48,优
968,武汉,2019-08-27,35,25,多云~阵雨,西北风,2级,44,优
969,武汉,2019-08-28,31,23,小雨~多云,东北风,3级,27,优
970,武汉,2019-08-29,33,21,多云~晴,东北风,2级,55,良
971,武汉,2019-08-30,34,20,多云,东北风,3级,55,良
972,武汉,2019-08-31,31,22,多云,东北风,2级,39,优
973,武汉,2019-09-01,28,20,阵雨~晴,东南风,2级,47,优
974,武汉,2019-09-02,29,20,阵雨~晴,东南风,2级,57,良
975,武汉,2019-09-03,31,20,多云~晴,东北风,2级,44,优
976,武汉,2019-09-04,32,21,晴~多云,东北风,2级,51,良
977,武汉,2019-09-05,32,21,多云,东北风,2级,56,良
978,武汉,2019-09-06,33,20,晴,东北风,3级,50,优
979,武汉,2019-09-07,33,21,晴,东北风,2级,57,良
980,武汉,2019-09-08,34,22,晴,东南风,2级,78,良
981,武汉,2019-09-09,35,22,晴,东南风,3级,82,良
982,武汉,2019-09-10,35,23,晴,东北风,3级,78,良
983,武汉,2019-09-11,36,25,晴,东南风,3级,75,良
984,武汉,2019-09-12,37,25,晴,东南风,2级,83,良
985,武汉,2019-09-13,37,25,晴,东北风,3级,78,良
986,武汉,2019-09-14,33,24,多云,东北风,4级,49,优
987,武汉,2019-09-15,33,21,多云,东北风,3级,54,良
988,武汉,2019-09-16,31,21,多云,东北风,3级,49,优
989,武汉,2019-09-17,27,21,多云,东北风,3级,47,优
990,武汉,2019-09-18,25,20,多云,东北风,3级,49,优
991,武汉,2019-09-19,28,17,晴,东北风,2级,66,良
992,武汉,2019-09-20,27,17,多云~晴,东北风,3级,44,优
993,武汉,2019-09-21,27,16,晴,东北风,4级,44,优
994,武汉,2019-09-22,30,16,晴,东北风,3级,47,优
995,武汉,2019-09-23,30,14,晴~多云,东北风,3级,49,优
996,武汉,2019-09-24,30,18,多云,东北风,2级,56,良
997,武汉,2019-09-25,30,18,多云,东南风,1级,67,良
998,武汉,2019-09-26,30,15,多云~晴,东北风,2级,76,良
999,武汉,2019-09-27,32,15,晴,东北风,2级,65,良
1000,武汉,2019-09-28,32,16,晴,东北风,2级,69,良
1001,武汉,2019-09-29,33,16,晴,东南风,2级,88,良
1002,武汉,2019-09-30,33,17,晴,东南风,2级,73,良
1003,武汉,2019-10-01,34,19,晴,东北风,2级,41,优
1004,武汉,2019-10-02,33,20,多云~晴,东北风,1级,62,良
1005,武汉,2019-10-03,34,21,多云~晴,东南风,2级,73,良
1006,武汉,2019-10-04,35,19,多云,东北风,3级,84,良
1007,武汉,2019-10-05,28,16,小雨,东北风,4级,51,良
1008,武汉,2019-10-06,24,14,小雨,东北风,3级,22,优
1009,武汉,2019-10-07,21,14,多云,东北风,3级,20,优
1010,武汉,2019-10-08,23,15,多云,东北风,2级,20,优
1011,武汉,2019-10-09,26,18,晴,东南风,2级,33,优
1012,武汉,2019-10-10,27,18,多云~小雨,东北风,2级,62,良
1013,武汉,2019-10-11,22,18,小雨,北风,3级,25,优
1014,武汉,2019-10-12,23,17,小雨~多云,东北风,3级,43,优
1015,武汉,2019-10-13,23,18,多云~小雨,东北风,2级,52,良
1016,武汉,2019-10-14,22,14,阴,东北风,3级,53,良
1017,武汉,2019-10-15,21,13,多云~小雨,东北风,3级,43,优
1018,武汉,2019-10-16,18,10,小雨~多云,东北风,2级,33,优
1019,武汉,2019-10-17,21,9,多云~晴,西北风,2级,43,优
1020,武汉,2019-10-18,23,10,晴,西北风,1级,46,优
1021,武汉,2019-10-19,25,11,晴,东南风,2级,62,良
1022,武汉,2019-10-20,26,12,多云,东南风,1级,66,良
1023,武汉,2019-10-21,27,15,多云,东北风,2级,70,良
1024,武汉,2019-10-22,22,14,小雨,东北风,2级,59,良
1025,武汉,2019-10-23,25,12,多云,西北风,2级,49,优
1026,武汉,2019-10-24,25,14,多云,东北风,1级,50,优
1027,武汉,2019-10-25,19,12,小雨~阴,东北风,3级,44,优
1028,武汉,2019-10-26,17,11,阴,东北风,2级,44,优
1029,武汉,2019-10-27,16,10,阴~多云,西南风,2级,53,良
1030,武汉,2019-10-28,23,8,多云~晴,西南风,2级,48,优
1031,武汉,2019-10-29,23,8,晴,西南风,1级,70,良
1032,武汉,2019-10-30,26,11,晴,东南风,1级,91,良
1033,武汉,2019-10-31,26,12,多云,东南风,2级,95,良
1034,武汉,2019-11-01,26,11,多云,东北风,2级,85,良
1035,武汉,2019-11-02,23,10,多云~晴,东北风,1级,88,良
1036,武汉,2019-11-03,26,11,晴,东北风,3级,92,良
1037,武汉,2019-11-04,23,10,晴,东北风,3级,90,良
1038,武汉,2019-11-05,22,11,多云,东北风,2级,85,良
1039,武汉,2019-11-06,20,11,小雨~多云,东北风,2级,72,良
1040,武汉,2019-11-07,22,9,多云~晴,东北风,3级,69,良
1041,武汉,2019-11-08,22,9,晴,东北风,1级,70,良
1042,武汉,2019-11-09,22,11,多云,东南风,2级,82,良
1043,武汉,2019-11-10,23,8,多云,西北风,2级,75,良
1044,武汉,2019-11-11,23,12,多云~小雨,东南风,2级,78,良
1045,武汉,2019-11-12,22,12,小雨,东南风,2级,65,良
1046,武汉,2019-11-13,17,5,多云~晴,东北风,4级,54,良
1047,武汉,2019-11-14,20,6,晴,东南风,2级,45,优
1048,武汉,2019-11-15,23,9,晴,东南风,2级,59,良
1049,武汉,2019-11-16,25,12,多云,东南风,2级,82,良
1050,武汉,2019-11-17,20,5,小雨,东北风,4级,100,良
1051,武汉,2019-11-18,11,3,多云,东北风,4级,54,良
1052,武汉,2019-11-19,14,4,多云~阴,东北风,2级,72,良
1053,武汉,2019-11-20,16,7,多云,东南风,2级,67,良
1054,武汉,2019-11-21,16,5,多云~晴,东南风,2级,81,良
1055,武汉,2019-11-22,20,10,多云,东南风,2级,93,良
1056,武汉,2019-11-23,22,12,多云,东南风,2级,84,良
1057,武汉,2019-11-24,15,2,小雨,东北风,4级,124,轻度污染
1058,武汉,2019-11-25,9,2,小雨~多云,东北风,4级,30,优
1059,武汉,2019-11-26,6,3,小雨,东北风,2级,39,优
1060,武汉,2019-11-27,6,3,小雨~阴,东北风,3级,22,优
1061,武汉,2019-11-28,9,2,阴~多云,东北风,2级,78,良
1062,武汉,2019-11-29,10,6,多云~小雨,东北风,2级,52,良
1063,武汉,2019-11-30,8,4,小雨,东北风,2级,58,良
1064,武汉,2019-12-01,10,0,多云,西北风,3级,73,良
1065,武汉,2019-12-02,10,-1,晴~多云,东北风,2级,80,良
1066,武汉,2019-12-03,13,0,晴~多云,东北风,1级,81,良
1067,武汉,2019-12-04,15,1,晴~多云,东北风,2级,88,良
1068,武汉,2019-12-05,14,2,多云,东北风,3级,59,良
1069,武汉,2019-12-06,12,0,晴,东北风,2级,140,轻度污染
1070,武汉,2019-12-07,14,1,晴,东南风,1级,86,良
1071,武汉,2019-12-08,16,2,晴~多云,西南风,2级,87,良
1072,武汉,2019-12-09,16,2,多云,西南风,2级,77,良
1073,武汉,2019-12-10,16,2,多云,西南风,1级,103,轻度污染
1074,武汉,2019-12-11,17,3,晴~多云,东北风,2级,96,良
1075,武汉,2019-12-12,17,2,多云~晴,东南风,3级,82,良
1076,武汉,2019-12-13,18,4,晴~多云,东南风,1级,132,轻度污染
1077,武汉,2019-12-14,17,6,多云~晴,东北风,2级,161,中度污染
1078,武汉,2019-12-15,16,9,多云,东北风,2级,115,轻度污染
1079,武汉,2019-12-16,13,8,小雨,西北风,2级,69,良
1080,武汉,2019-12-17,10,2,小雨,东北风,3级,61,良
1081,武汉,2019-12-18,8,1,小雨,东北风,4级,76,良
1082,武汉,2019-12-19,7,1,多云,东北风,2级,42,优
1083,武汉,2019-12-20,9,4,多云~小雨,东南风,2级,63,良
1084,武汉,2019-12-21,8,2,小雨~多云,东北风,1级,60,良
1085,武汉,2019-12-22,12,4,多云,西南风,2级,56,良
1086,武汉,2019-12-23,9,5,小雨~多云,东北风,2级,56,良
1087,武汉,2019-12-24,12,7,阴~小雨,东北风,2级,85,良
1088,武汉,2019-12-25,9,4,小雨,东北风,3级,51,良
1089,武汉,2019-12-26,9,-1,晴,西北风,3级,76,良
1090,武汉,2019-12-27,12,0,雾~多云,东南风,1级,89,良
1091,武汉,2019-12-28,8,4,阴~小雨,东南风,2级,97,良
1092,武汉,2019-12-29,11,3,雾~多云,东南风,1级,67,良
1093,武汉,2019-12-30,11,-1,多云,东北风,3级,102,轻度污染
1094,武汉,2019-12-31,5,1,多云,东北风,3级,94,良
1095,武汉,2020-01-01,6,4,阴~小雨,东南风,2级,66,良
1096,武汉,2020-01-02,5,4,阴~小雨,东北风,2级,98,良
1097,武汉,2020-01-03,6,5,小雨~多云,西北风,2级,110,轻度污染
1098,武汉,2020-01-04,8,7,雾~小雨,东北风,1级,112,轻度污染
1099,武汉,2020-01-05,9,7,小雨,东北风,2级,76,良
1100,武汉,2020-01-06,7,3,小雨~中雨,东北风,3级,27,优
1101,武汉,2020-01-07,7,-1,小雨~晴,西北风,3级,24,优
1102,武汉,2020-01-08,5,2,多云~中雨,东北风,3级,45,优
1103,武汉,2020-01-09,2,1,雨夹雪~小雨,东北风,3级,24,优
1104,武汉,2020-01-10,2,2,小雨,西北风,2级,39,优
1105,武汉,2020-01-11,5,-2,阴~多云,西北风,2级,47,优
1106,武汉,2020-01-12,9,-2,雾~多云,东南风,1级,81,良
1107,武汉,2020-01-13,10,0,阴~多云,东北风,2级,57,良
1108,武汉,2020-01-14,10,1,阴~小雨,东北风,3级,139,轻度污染
1109,武汉,2020-01-15,2,0,雨夹雪,东北风,3级,119,轻度污染
1110,武汉,2020-01-16,3,-1,阴~多云,西北风,3级,80,良
1111,武汉,2020-01-17,4,-2,多云,西北风,2级,54,良
1112,武汉,2020-01-18,7,-2,多云,东北风,1级,73,良
1113,武汉,2020-01-19,11,-1,雾~晴,西北风,2级,135,轻度污染
1114,武汉,2020-01-20,12,4,雾~小雨,东南风,1级,120,轻度污染
1115,武汉,2020-01-21,8,4,小雨~中雨,东南风,2级,110,轻度污染
1116,武汉,2020-01-22,6,2,小雨~多云,东北风,2级,96,良
1117,武汉,2020-01-23,8,6,阴~小雨,东北风,2级,97,良
1118,武汉,2020-01-24,7,3,小雨,东北风,3级,38,优
1119,武汉,2020-01-25,5,1,小雨~雨夹雪,东北风,3级,57,良
1120,武汉,2020-01-26,4,0,雨夹雪~多云,东北风,3级,36,优
1121,武汉,2020-01-27,5,-2,阴~多云,东北风,3级,60,良
1122,武汉,2020-01-28,8,-2,雾~多云,西北风,2级,77,良
1123,武汉,2020-01-29,12,-1,雾~晴,西南风,2级,74,良
1124,武汉,2020-01-30,14,-1,雾~晴,西北风,2级,74,良
1125,武汉,2020-01-31,14,1,多云~晴,东南风,2级,94,良
1126,武汉,2020-02-01,14,6,阴~晴,东南风,2级,83,良
1127,武汉,2020-02-02,12,4,多云~晴,东北风,2级,84,良
1128,武汉,2020-02-03,14,1,雾~晴,东北风,2级,97,良
1129,武汉,2020-02-04,16,2,雾~晴,东南风,1级,92,良
1130,武汉,2020-02-05,15,5,晴~小雨,东南风,2级,128,轻度污染
1131,武汉,2020-02-06,6,3,中雨~阴,东北风,3级,55,良
1132,武汉,2020-02-07,5,1,阴~多云,西北风,2级,20,优
1133,武汉,2020-02-08,9,1,多云,东北风,2级,28,优
1134,武汉,2020-02-09,14,2,雾~多云,西南风,1级,43,优
1135,武汉,2020-02-10,11,5,小雨,东南风,2级,54,良
1136,武汉,2020-02-11,11,5,阴~多云,东南风,2级,38,优
1137,武汉,2020-02-12,14,6,阴~多云,东南风,1级,38,优
1138,武汉,2020-02-13,18,12,阴~小雨,东南风,2级,37,优
1139,武汉,2020-02-14,16,4,小雨,东北风,3级,42,优
1140,武汉,2020-02-15,4,-2,雨夹雪~多云,西北风,5级,30,优
1141,武汉,2020-02-16,8,-2,雨夹雪~晴,西北风,2级,22,优
1142,武汉,2020-02-17,12,-1,多云,西北风,2级,27,优
1143,武汉,2020-02-18,13,4,多云,东南风,2级,36,优
1144,武汉,2020-02-19,15,2,多云~晴,东南风,2级,41,优
1145,武汉,2020-02-20,18,7,晴~小雨,东南风,2级,57,良
1146,武汉,2020-02-21,15,3,阴~多云,西北风,2级,67,良
1147,武汉,2020-02-22,17,7,雾~多云,东南风,2级,58,良
1148,武汉,2020-02-23,20,11,多云,东南风,2级,59,良
1149,武汉,2020-02-24,24,15,多云~晴,西南风,3级,56,良
1150,武汉,2020-02-25,22,11,阴~中雨,东北风,3级,66,良
1151,武汉,2020-02-26,14,9,小雨,东北风,3级,56,良
1152,武汉,2020-02-27,11,7,阴~小雨,东北风,2级,41,优
1153,武汉,2020-02-28,6,5,小雨,西北风,2级,16,优
1154,武汉,2020-02-29,13,5,雾~晴,西北风,1级,22,优
1155,武汉,2020-03-01,13,8,多云,东北风,3级,38,优
1156,武汉,2020-03-02,10,5,小雨~阴,东北风,3级,38,优
1157,武汉,2020-03-03,9,5,小雨~多云,西北风,2级,29,优
1158,武汉,2020-03-04,15,5,多云~晴,东北风,1级,42,优
1159,武汉,2020-03-05,16,8,晴~多云,东南风,2级,67,良
1160,武汉,2020-03-06,13,7,阴~多云,东南风,2级,52,良
1161,武汉,2020-03-07,19,11,阴~小雨,东南风,2级,45,优
1162,武汉,2020-03-08,18,11,小雨,东南风,3级,37,优
1163,武汉,2020-03-09,14,5,阴~晴,西北风,4级,57,良
1164,武汉,2020-03-10,17,4,多云~晴,西北风,2级,47,优
1165,武汉,2020-03-11,19,9,多云~阵雨,东南风,2级,61,良
1166,武汉,2020-03-12,16,9,小雨~晴,东南风,2级,64,良
1167,武汉,2020-03-13,17,5,阴~晴,东北风,3级,69,良
1168,武汉,2020-03-14,19,5,雾~晴,西北风,2级,67,良
1169,武汉,2020-03-15,22,11,多云,西南风,2级,68,良
1170,武汉,2020-03-16,19,11,阴,东南风,2级,67,良
1171,武汉,2020-03-17,23,8,多云~晴,西南风,2级,69,良
1172,武汉,2020-03-18,24,9,晴~多云,西南风,2级,72,良
1173,武汉,2020-03-19,24,10,雾~晴,东北风,2级,57,良
1174,武汉,2020-03-20,27,13,晴,东南风,2级,71,良
1175,武汉,2020-03-21,23,16,阴~小雨,东南风,2级,69,良
1176,武汉,2020-03-22,22,14,阴~小雨,东北风,3级,79,良
1177,武汉,2020-03-23,24,13,阴~多云,东北风,2级,63,良
1178,武汉,2020-03-24,22,17,阴~中雨,东南风,2级,53,良
1179,武汉,2020-03-25,21,17,小雨~中雨,东南风,3级,41,优
1180,武汉,2020-03-26,25,8,小雨,东北风,3级,34,优
1181,武汉,2020-03-27,10,4,中雨,东北风,5级,21,优
1182,武汉,2020-03-28,11,6,阴~小雨,东北风,3级,23,优
1183,武汉,2020-03-29,8,5,中雨~多云,东南风,2级,27,优
1184,武汉,2020-03-30,11,8,阴~多云,东北风,2级,24,优
1185,武汉,2020-03-31,11,6,阴~多云,西北风,2级,34,优
1186,武汉,2020-04-01,16,9,雾~阴,东南风,2级,39,优
1187,武汉,2020-04-02,17,9,阴,东北风,2级,57,良
1188,武汉,2020-04-03,16,9,小雨~多云,东北风,2级,95,良
1189,武汉,2020-04-04,20,11,多云,东北风,2级,57,良
1190,武汉,2020-04-05,20,9,晴~小雨,东南风,3级,64,良
1191,武汉,2020-04-06,20,9,晴,东南风,2级,57,良
1192,武汉,2020-04-07,24,10,多云~晴,东南风,1级,60,良
1193,武汉,2020-04-08,24,10,阴~晴,东南风,2级,58,良
1194,武汉,2020-04-09,26,13,晴,东南风,2级,66,良
1195,武汉,2020-04-10,17,9,小雨,东北风,4级,69,良
1196,武汉,2020-04-11,11,5,阴~晴,东北风,4级,42,优
1197,武汉,2020-04-12,21,6,晴,西北风,3级,51,良
1198,武汉,2020-04-13,23,11,晴~多云,西南风,2级,45,优
1199,武汉,2020-04-14,23,10,阴~晴,西南风,3级,48,优
1200,武汉,2020-04-15,26,15,晴,东南风,2级,48,优
1201,武汉,2020-04-16,29,16,晴~多云,西南风,3级,60,良
1202,武汉,2020-04-17,25,16,阴~阵雨,东北风,3级,70,良
1203,武汉,2020-04-18,15,11,中雨,东北风,3级,57,良
1204,武汉,2020-04-19,20,11,阴~多云,西北风,3级,39,优
1205,武汉,2020-04-20,15,11,中雨~晴,东北风,2级,53,良
1206,武汉,2020-04-21,16,11,阴~晴,东北风,2级,47,优
1207,武汉,2020-04-22,22,13,多云,东北风,2级,58,良
1208,武汉,2020-04-23,22,9,阴~多云,东北风,2级,64,良
1209,武汉,2020-04-24,24,11,晴~多云,西南风,3级,52,良
1210,武汉,2020-04-25,26,13,多云,西南风,3级,51,良
1211,武汉,2020-04-26,28,14,晴,西南风,3级,51,良
1212,武汉,2020-04-27,27,10,晴,北风,3级,60,良
1213,武汉,2020-04-28,25,14,晴,东南风,2级,54,良
1214,武汉,2020-04-29,32,20,晴,南风,3级,77,良
1215,武汉,2020-04-30,29,19,小雨,西南风,3级,83,良
1216,武汉,2020-05-01,29,20,阴~晴,南风,2级,72,良
1217,武汉,2020-05-02,32,21,晴,西南风,3级,66,良
1218,武汉,2020-05-03,33,23,晴~多云,西南风,2级,54,良
1219,武汉,2020-05-04,35,21,多云~中雨,东南风,2级,70,良
1220,武汉,2020-05-05,23,19,阴~多云,东北风,4级,53,良
1221,武汉,2020-05-06,24,20,阴~小雨,东南风,3级,52,良
1222,武汉,2020-05-07,26,22,小雨~大雨,东南风,3级,50,优
1223,武汉,2020-05-08,23,17,中雨~晴,北风,3级,36,优
1224,武汉,2020-05-09,23,14,阴~晴,北风,3级,32,优
1225,武汉,2020-05-10,25,13,晴,西北风,2级,37,优
1226,武汉,2020-05-11,28,11,晴,西北风,3级,64,良
1227,武汉,2020-05-12,29,14,晴~多云,西风,2级,62,良
1228,武汉,2020-05-13,28,19,多云~中雨,东南风,2级,77,良
1229,武汉,2020-05-14,20,17,暴雨~多云,南风,2级,77,良
1230,武汉,2020-05-15,24,17,雾~多云,东南风,1级,79,良
1231,武汉,2020-05-16,28,19,多云,西南风,1级,59,良
1232,武汉,2020-05-17,29,20,阴~小雨,西南风,2级,61,良
1233,武汉,2020-05-18,27,14,多云~晴,北风,3级,65,良
1234,武汉,2020-05-19,30,18,多云~晴,东南风,3级,74,良
1235,武汉,2020-05-20,26,20,小雨,东南风,3级,97,良
1236,武汉,2020-05-21,24,19,阴~多云,东北风,2级,52,良
1237,武汉,2020-05-22,31,19,阴~多云,东风,1级,64,良
1238,武汉,2020-05-23,32,20,阴~晴,西南风,2级,86,良
1239,武汉,2020-05-24,31,19,多云~阵雨,东北风,3级,89,良
1240,武汉,2020-05-25,20,16,小雨,北风,3级,70,良
1241,武汉,2020-05-26,27,20,多云~晴,西北风,2级,52,良
1242,武汉,2020-05-27,32,20,阴~多云,西风,2级,75,良
1243,武汉,2020-05-28,29,22,阴~小雨,西南风,2级,82,良
1244,武汉,2020-05-29,24,18,小雨~多云,东南风,2级,61,良
1245,武汉,2020-05-30,28,20,多云,西南风,2级,46,优
1246,武汉,2020-05-31,29,21,阴~多云,东南风,2级,58,良
1247,武汉,2020-06-01,32,22,晴~阴,东南风,2级,72,良
1248,武汉,2020-06-02,30,23,阴~中雨,西南风,2级,64,良
1249,武汉,2020-06-03,31,23,多云,西风,2级,43,优
1250,武汉,2020-06-04,31,23,多云~晴,西南风,2级,42,优
1251,武汉,2020-06-05,32,23,阴~多云,南风,2级,43,优
1252,武汉,2020-06-06,31,23,多云,东南风,3级,39,优
1253,武汉,2020-06-07,31,24,阴~晴,东南风,3级,41,优
1254,武汉,2020-06-08,33,25,多云,东南风,3级,47,优
1255,武汉,2020-06-09,30,24,小雨~阵雨,东北风,3级,39,优
1256,武汉,2020-06-10,28,23,小雨~晴,北风,2级,43,优
1257,武汉,2020-06-11,30,25,多云~小雨,西南风,2级,35,优
1258,武汉,2020-06-12,33,24,阴~暴雨,西南风,3级,36,优
1259,武汉,2020-06-13,27,24,小雨~中雨,西北风,2级,27,优
1260,武汉,2020-06-14,27,24,中雨~阵雨,东北风,1级,21,优
1261,武汉,2020-06-15,33,26,阴~中雨,西南风,2级,37,优
1262,武汉,2020-06-16,33,27,小雨~晴,西南风,3级,31,优
1263,武汉,2020-06-17,33,21,阴~大雨,西南风,3级,31,优
1264,武汉,2020-06-18,24,20,小雨,西北风,2级,25,优
1265,武汉,2020-06-19,27,21,阴~小雨,东风,2级,33,优
1266,武汉,2020-06-20,22,22,中雨~大雨,东风,2级,29,优
1267,武汉,2020-06-21,23,23,小雨~暴雨,东北风,3级,18,优
1268,武汉,2020-06-22,23,22,中雨~大雨,北风,2级,20,优
1269,武汉,2020-06-23,25,22,小雨~晴,西北风,2级,22,优
1270,武汉,2020-06-24,30,22,阴~晴,南风,2级,39,优
1271,武汉,2020-06-25,32,24,多云,东南风,2级,67,良
1272,武汉,2020-06-26,32,25,阴~晴,东南风,2级,35,优
1273,武汉,2020-06-27,31,26,阴~中雨,东南风,2级,27,优
1274,武汉,2020-06-28,27,23,暴雨~小雨,西南风,3级,28,优
1275,武汉,2020-06-29,28,22,大雨~晴,西风,2级,24,优
1276,武汉,2020-06-30,33,25,晴~多云,西南风,1级,40,优
1277,武汉,2020-07-01,33,25,多云~阵雨,东北风,2级,44,优
1278,武汉,2020-07-02,26,23,暴雨~中雨,东北风,3级,40,优
1279,武汉,2020-07-03,30,23,阴~小雨,东北风,2级,27,优
1280,武汉,2020-07-04,23,23,暴雨~大雨,东风,2级,32,优
1281,武汉,2020-07-05,28,23,大雨~暴雨,南风,2级,25,优
1282,武汉,2020-07-06,29,24,暴雨,西风,2级,20,优
1283,武汉,2020-07-07,24,22,暴雨~大雨,东南风,3级,23,优
1284,武汉,2020-07-08,29,23,小雨~多云,东南风,2级,21,优
1285,武汉,2020-07-09,31,24,多云,东南风,1级,40,优
1286,武汉,2020-07-10,32,24,多云~暴雨,东南风,2级,59,良
1287,武汉,2020-07-11,30,26,小雨,东南风,3级,28,优
1288,武汉,2020-07-12,28,22,阴~中雨,西南风,3级,25,优
1289,武汉,2020-07-13,27,22,小雨~阴,北风,2级,27,优
1290,武汉,2020-07-14,29,23,小雨,东北风,2级,42,优
1291,武汉,2020-07-15,26,24,小雨,东北风,2级,21,优
1292,武汉,2020-07-16,26,23,小雨~中雨,东北风,2级,38,优
1293,武汉,2020-07-17,30,24,阴~中雨,东南风,2级,47,优
1294,武汉,2020-07-18,27,23,小雨~暴雨,西南风,2级,50,优
1295,武汉,2020-07-19,25,21,中雨~晴,西北风,2级,33,优
1296,武汉,2020-07-20,30,24,多云~阵雨,东南风,2级,69,良
1297,武汉,2020-07-21,29,25,中雨~多云,东南风,2级,56,良
1298,武汉,2020-07-22,34,25,多云,南风,4级,43,优
1299,武汉,2020-07-23,34,24,多云~晴,西南风,2级,43,优
1300,武汉,2020-07-24,32,24,阴~小雨,东北风,2级,45,优
1301,武汉,2020-07-25,30,24,阴~小雨,东北风,2级,39,优
1302,武汉,2020-07-26,26,23,大雨~中雨,东北风,2级,32,优
1303,武汉,2020-07-27,25,23,大雨~中雨,东北风,2级,26,优
1304,武汉,2020-07-28,32,23,小雨~阵雨,东北风,1级,29,优
1305,武汉,2020-07-29,33,24,多云~阵雨,东风,2级,44,优
1306,武汉,2020-07-30,32,25,小雨~阵雨,东南风,2级,41,优
1307,武汉,2020-07-31,35,25,多云,东南风,2级,43,优
1308,武汉,2020-08-01,36,27,多云,东南风,2级,44,优
1309,武汉,2020-08-02,36,27,多云~晴,东南风,2级,40,优
1310,武汉,2020-08-03,34,27,阴~晴,东南风,2级,39,优
1311,武汉,2020-08-04,37,27,阴~多云,东南风,2级,65,良
1312,武汉,2020-08-05,37,27,多云~晴,东南风,2级,58,良
1313,武汉,2020-08-06,34,29,多云,南风,3级,24,优
1314,武汉,2020-08-07,34,29,阴~阵雨,西南风,4级,29,优
1315,武汉,2020-08-08,34,26,阴~大雨,西南风,3级,33,优
1316,武汉,2020-08-09,34,25,阴~阵雨,西南风,3级,29,优
1317,武汉,2020-08-10,32,25,小雨~阵雨,南风,2级,25,优
1318,武汉,2020-08-11,33,26,小雨~阵雨,东南风,2级,39,优
1319,武汉,2020-08-12,33,27,小雨~晴,东南风,3级,36,优
1320,武汉,2020-08-13,34,27,晴~多云,南风,3级,26,优
1321,武汉,2020-08-14,34,28,阴~晴,西南风,3级,24,优
1322,武汉,2020-08-15,35,28,多云~晴,南风,3级,29,优
1323,武汉,2020-08-16,36,28,晴,东南风,3级,34,优
1324,武汉,2020-08-17,35,27,晴,东南风,2级,41,优
1325,武汉,2020-08-18,37,26,阴~晴,东南风,2级,52,良
1326,武汉,2020-08-19,35,26,阴~晴,东南风,2级,52,良
1327,武汉,2020-08-20,34,24,大雨~阵雨,东北风,3级,34,优
1328,武汉,2020-08-21,31,24,阴~小雨,东北风,3级,25,优
1329,武汉,2020-08-22,33,25,阴~阵雨,东北风,2级,47,优
1330,武汉,2020-08-23,34,27,晴,东南风,2级,45,优
1331,武汉,2020-08-24,35,25,晴~小雨,西南风,3级,42,优
1332,武汉,2020-08-25,30,21,阴~晴,西北风,3级,33,优
1333,武汉,2020-08-26,34,21,晴,西北风,3级,40,优
1334,武汉,2020-08-27,34,21,晴,东北风,2级,55,良
1335,武汉,2020-08-28,34,22,晴,东北风,2级,59,良
1336,武汉,2020-08-29,34,22,晴,东北风,2级,52,良
1337,武汉,2020-08-30,34,23,晴,东风,2级,58,良
1338,武汉,2020-08-31,34,23,晴,北风,2级,60,良
1339,武汉,2020-09-01,33,23,晴,北风,3级,53,良
1340,武汉,2020-09-02,33,21,晴,北风,3级,57,良
1341,武汉,2020-09-03,33,20,晴~多云,西北风,2级,58,良
1342,武汉,2020-09-04,33,21,多云~晴,西南风,2级,58,良
1343,武汉,2020-09-05,32,22,多云~晴,东南风,2级,64,良
1344,武汉,2020-09-06,32,21,阴~晴,东南风,1级,68,良
1345,武汉,2020-09-07,33,21,晴,西南风,2级,56,良
1346,武汉,2020-09-08,33,22,多云~晴,西南风,1级,61,良
1347,武汉,2020-09-09,32,21,小雨,东风,2级,76,良
1348,武汉,2020-09-10,21,20,大雨~晴,东北风,3级,40,优
1349,武汉,2020-09-11,29,21,多云,东北风,3级,37,优
1350,武汉,2020-09-12,30,20,多云~晴,东北风,3级,49,优
1351,武汉,2020-09-13,29,20,小雨,东北风,2级,53,良
1352,武汉,2020-09-14,24,20,小雨~中雨,西北风,1级,46,优
1353,武汉,2020-09-15,24,19,中雨~小雨,西南风,1级,27,优
1354,武汉,2020-09-16,25,19,中雨,北风,2级,26,优
1355,武汉,2020-09-17,22,16,小雨,北风,3级,30,优
1356,武汉,2020-09-18,26,16,晴,东南风,1级,43,优
1357,武汉,2020-09-19,20,17,小雨,东南风,2级,43,优
1358,武汉,2020-09-20,19,16,中雨~小雨,东北风,3级,32,优
1359,武汉,2020-09-21,18,16,中雨,东北风,3级,23,优
1360,武汉,2020-09-22,18,16,小雨,东北风,2级,24,优
1361,武汉,2020-09-23,21,15,小雨~晴,东北风,2级,38,优
1362,武汉,2020-09-24,26,17,小雨~多云,西南风,1级,65,良
1363,武汉,2020-09-25,24,17,阴~小雨,西南风,2级,68,良
1364,武汉,2020-09-26,26,17,阴~晴,西南风,2级,58,良
1365,武汉,2020-09-27,26,18,多云~晴,东南风,2级,58,良
1366,武汉,2020-09-28,27,19,雾~小雨,东南风,1级,66,良
1367,武汉,2020-09-29,21,17,小雨~晴,北风,2级,51,良
1368,武汉,2020-09-30,27,18,晴~多云,东北风,2级,54,良
1369,武汉,2020-10-01,28,20,多云~晴,东南风,2级,55,良
1370,武汉,2020-10-02,24,16,阴~中雨,东北风,2级,65,良
1371,武汉,2020-10-03,16,12,大雨~中雨,北风,3级,15,优
1372,武汉,2020-10-04,15,11,大雨~多云,北风,4级,31,优
1373,武汉,2020-10-05,15,12,阴~小雨,东北风,3级,40,优
1374,武汉,2020-10-06,12,11,小雨,北风,2级,37,优
1375,武汉,2020-10-07,15,11,阴~晴,东北风,2级,43,优
1376,武汉,2020-10-08,23,12,晴~多云,东北风,2级,52,良
1377,武汉,2020-10-09,24,15,多云~晴,东北风,1级,51,良
1378,武汉,2020-10-10,26,14,阴~晴,东北风,1级,61,良
1379,武汉,2020-10-11,26,16,雾~晴,北风,2级,60,良
1380,武汉,2020-10-12,24,15,多云,东北风,3级,62,良
1381,武汉,2020-10-13,24,15,多云~晴,东北风,2级,68,良
1382,武汉,2020-10-14,18,14,小雨,东北风,3级,58,良
1383,武汉,2020-10-15,16,14,中雨,东北风,3级,28,优
1384,武汉,2020-10-16,17,11,小雨~阴,北风,3级,20,优
1385,武汉,2020-10-17,18,11,雾~多云,东北风,2级,45,优
1386,武汉,2020-10-18,19,9,阴~多云,北风,2级,66,良
1387,武汉,2020-10-19,21,10,雾~多云,西北风,1级,58,良
1388,武汉,2020-10-20,18,13,阴~小雨,西北风,2级,63,良
1389,武汉,2020-10-21,21,9,阴~多云,西风,2级,38,优
1390,武汉,2020-10-22,25,9,晴,北风,2级,61,良
1391,武汉,2020-10-23,23,9,晴,东北风,2级,94,良
1392,武汉,2020-10-24,19,11,阴~多云,东南风,2级,80,良
1393,武汉,2020-10-25,21,14,阴~多云,东南风,2级,64,良
1394,武汉,2020-10-26,24,13,阴~晴,西北风,1级,84,良
1395,武汉,2020-10-27,24,15,多云,东北风,2级,67,良
1396,武汉,2020-10-28,17,12,阴~多云,东北风,3级,84,良
1397,武汉,2020-10-29,21,11,多云~晴,北风,2级,73,良
1398,武汉,2020-10-30,22,15,阴~小雨,东风,2级,69,良
1399,武汉,2020-10-31,18,15,小雨,东北风,2级,52,良
1400,武汉,2020-11-01,19,13,小雨~晴,西北风,2级,44,优
1401,武汉,2020-11-02,23,12,晴,北风,3级,71,良
1402,武汉,2020-11-03,20,12,多云,东北风,2级,60,良
1403,武汉,2020-11-04,20,11,多云,东南风,2级,56,良
1404,武汉,2020-11-05,21,13,多云,东南风,2级,61,良
1405,武汉,2020-11-06,23,10,多云,西北风,2级,64,良
1406,武汉,2020-11-07,24,9,雾~晴,西北风,2级,82,良
1407,武汉,2020-11-08,24,7,晴,东北风,3级,70,良
1408,武汉,2020-11-09,22,8,晴,东北风,2级,76,良
1409,武汉,2020-11-10,22,8,晴,东南风,2级,89,良
1410,武汉,2020-11-11,23,8,晴,东南风,2级,63,良
1411,武汉,2020-11-12,23,7,雾~晴,东风,2级,64,良
1412,武汉,2020-11-13,23,8,晴,东北风,2级,72,良
1413,武汉,2020-11-14,22,8,晴,东风,2级,55,良
1414,武汉,2020-11-15,23,9,雾~晴,东风,2级,68,良
1415,武汉,2020-11-16,22,13,阴~阵雨,东风,2级,73,良
1416,武汉,2020-11-17,22,18,阴~小雨,东南风,3级,60,良
1417,武汉,2020-11-18,23,12,阴~小雨,南风,3级,40,优
1418,武汉,2020-11-19,15,10,小雨~晴,东北风,2级,31,优
1419,武汉,2020-11-20,16,10,阴~小雨,东北风,3级,52,良
1420,武汉,2020-11-21,9,5,小雨,东北风,3级,21,优
1421,武汉,2020-11-22,8,5,小雨,东北风,4级,27,优
1422,武汉,2020-11-23,6,4,小雨,东北风,3级,27,优
1423,武汉,2020-11-24,5,4,中雨~小雨,东北风,2级,20,优
1424,武汉,2020-11-25,6,3,大雨~阴,北风,2级,21,优
1425,武汉,2020-11-26,8,5,小雨~多云,北风,2级,37,优
1426,武汉,2020-11-27,9,5,阴,北风,3级,81,良
1427,武汉,2020-11-28,7,2,小雨~多云,东北风,2级,94,良
1428,武汉,2020-11-29,11,2,阴~晴,东北风,1级,72,良
1429,武汉,2020-11-30,12,2,雾~多云,东北风,2级,72,良
1430,武汉,2020-12-01,7,4,阴,东北风,2级,84,良
1431,武汉,2020-12-02,8,2,阴~多云,北风,3级,62,良
1432,武汉,2020-12-03,6,3,阴,东北风,3级,102,轻度污染
1433,武汉,2020-12-04,9,0,阴~多云,东北风,2级,86,良
1434,武汉,2020-12-05,11,0,晴,东北风,1级,73,良
1435,武汉,2020-12-06,8,5,小雨,东北风,2级,94,良
1436,武汉,2020-12-07,8,6,阴~小雨,北风,3级,55,良
1437,武汉,2020-12-08,8,5,雾~阴,东北风,2级,84,良
1438,武汉,2020-12-09,9,5,阴~多云,东北风,1级,90,良
1439,武汉,2020-12-10,9,4,多云~晴,北风,2级,79,良
1440,武汉,2020-12-11,10,2,雾~多云,北风,1级,119,轻度污染
1441,武汉,2020-12-12,14,4,雾~多云,北风,1级,111,轻度污染
1442,武汉,2020-12-13,10,0,雾~小雪,东北风,4级,88,良
1443,武汉,2020-12-14,3,-3,阴,东北风,3级,40,优
1444,武汉,2020-12-15,5,-2,多云~晴,东北风,2级,51,良
1445,武汉,2020-12-16,5,1,阴~多云,东北风,2级,68,良
1446,武汉,2020-12-17,6,2,阴~晴,东北风,2级,75,良
1447,武汉,2020-12-18,8,1,多云,北风,3级,90,良
1448,武汉,2020-12-19,7,-2,晴,东北风,3级,157,中度污染
1449,武汉,2020-12-20,10,-2,多云~晴,北风,2级,129,轻度污染
1450,武汉,2020-12-21,11,-1,晴,东北风,1级,118,轻度污染
1451,武汉,2020-12-22,12,1,多云,东南风,1级,125,轻度污染
1452,武汉,2020-12-23,12,-1,多云~晴,北风,1级,120,轻度污染
1453,武汉,2020-12-24,14,0,雾~晴,北风,3级,130,轻度污染
1454,武汉,2020-12-25,13,4,多云,东北风,2级,132,轻度污染
1455,武汉,2020-12-26,10,4,阴~多云,东北风,1级,224,重度污染
1456,武汉,2020-12-27,15,4,雾~晴,西南风,1级,225,重度污染
1457,武汉,2020-12-28,17,3,雾~小雨,东北风,2级,185,中度污染
1458,武汉,2020-12-29,4,-5,雨夹雪~晴,北风,5级,80,良
1459,武汉,2020-12-30,3,-5,阴~晴,北风,3级,46,优
1460,武汉,2020-12-31,4,-6,晴,北风,2级,33,优
1461,武汉,2021-01-01,8,-5,晴,西南风,1级,64,良
1462,武汉,2021-01-02,10,-1,多云,东风,2级,88,良
1463,武汉,2021-01-03,8,-2,多云~晴,东北风,2级,99,良
1464,武汉,2021-01-04,9,1,雾~多云,北风,2级,161,中度污染
1465,武汉,2021-01-05,6,1,阴~多云,北风,3级,223,重度污染
1466,武汉,2021-01-06,3,-3,阴~多云,东北风,3级,119,轻度污染
1467,武汉,2021-01-07,1,-7,阴~晴,东北风,4级,65,良
1468,武汉,2021-01-08,3,-7,晴~多云,西北风,2级,50,优
1469,武汉,2021-01-09,6,-4,多云,西风,1级,65,良
1470,武汉,2021-01-10,7,-4,多云,东北风,2级,61,良
1471,武汉,2021-01-11,8,-4,阴~晴,西北风,3级,68,良
1472,武汉,2021-01-12,12,-1,晴,西南风,3级,80,良
1473,武汉,2021-01-13,16,-1,晴,南风,2级,77,良
1474,武汉,2021-01-14,20,2,晴,东南风,2级,98,良
1475,武汉,2021-01-15,17,2,晴~多云,东北风,微风,122,轻度污染
1476,武汉,2021-01-16,10,0,阴~晴,东北风,微风,121,轻度污染
1477,武汉,2021-01-17,9,-3,阴~晴,西北风,3级,75,良
1478,武汉,2021-01-18,14,-1,晴,南风,2级,71,良
1479,武汉,2021-01-19,15,1,晴~多云,东南风,3级,76,良
1480,武汉,2021-01-20,9,7,小雨,东南风,2级,82,良
1481,武汉,2021-01-21,8,6,小雨,北风,1级,115,轻度污染
1482,武汉,2021-01-22,9,3,雾~多云,北风,2级,114,轻度污染
1483,武汉,2021-01-23,9,3,雾~多云,东北风,2级,145,轻度污染
1484,武汉,2021-01-24,10,5,晴~小雨,东风,3级,54,良
1485,武汉,2021-01-25,6,1,小雨~多云,北风,3级,100,良
1486,武汉,2021-01-26,9,3,雾~阴,西北风,2级,171,中度污染
1487,武汉,2021-01-27,7,1,小雨~多云,东北风,2级,139,轻度污染
1488,武汉,2021-01-28,12,-2,雾~晴,北风,3级,109,轻度污染
1489,武汉,2021-01-29,14,4,雾~阴,东南风,2级,111,轻度污染
1490,武汉,2021-01-30,12,5,阴,东南风,微风,90,良
1491,武汉,2021-01-31,8,4,小雨,南风,1级,99,良
1492,武汉,2021-02-01,13,1,雾~多云,西南风,微风,74,良
1493,武汉,2021-02-02,10,4,雾~晴,东风,2级,70,良
1494,武汉,2021-02-03,13,4,雾~多云,西南风,2级,100,良
1495,武汉,2021-02-04,13,7,雾~小雨,东北风,2级,96,良
1496,武汉,2021-02-05,10,1,小雨~多云,西风,2级,70,良
1497,武汉,2021-02-06,11,7,阴~晴,南风,2级,49,优
1498,武汉,2021-02-07,10,7,小雨,东北风,2级,71,良
1499,武汉,2021-02-08,13,3,阴~多云,东北风,2级,82,良
1500,武汉,2021-02-09,14,6,阴~多云,东南风,2级,59,良
1501,武汉,2021-02-10,12,7,雾~多云,东风,2级,73,良
1502,武汉,2021-02-11,19,6,阴~晴,东北风,微风,69,良
1503,武汉,2021-02-12,17,6,雾~晴,东南风,微风,107,轻度污染
1504,武汉,2021-02-13,19,7,雾~晴,东南风,2级,77,良
1505,武汉,2021-02-14,20,6,雾~多云,西风,2级,75,良
1506,武汉,2021-02-15,17,6,阴~小雨,东北风,3级,108,轻度污染
1507,武汉,2021-02-16,19,3,阴~晴,西北风,2级,73,良
1508,武汉,2021-02-17,18,4,雾~晴,东北风,2级,62,良
1509,武汉,2021-02-18,18,4,晴,东南风,2级,70,良
1510,武汉,2021-02-19,21,7,晴,西南风,3级,61,良
1511,武汉,2021-02-20,23,11,晴,西南风,3级,47,优
1512,武汉,2021-02-21,26,10,晴,西南风,3级,51,良
1513,武汉,2021-02-22,28,11,晴,东北风,2级,84,良
1514,武汉,2021-02-23,20,11,多云~小雨,东风,3级,94,良
1515,武汉,2021-02-24,15,7,多云~中雨,东北风,3级,56,良
1516,武汉,2021-02-25,6,4,小雨,北风,4级,34,优
1517,武汉,2021-02-26,8,5,阴~小雨,东北风,3级,27,优
1518,武汉,2021-02-27,11,8,阴~小雨,东北风,2级,71,良
1519,武汉,2021-02-28,11,6,中雨~小雨,东南风,2级,50,优
1520,武汉,2021-03-01,9,1,小雨~晴,北风,4级,17,优
1521,武汉,2021-03-02,13,6,阴~多云,东北风,2级,38,优
1522,武汉,2021-03-03,12,6,阴~多云,东南风,2级,58,良
1523,武汉,2021-03-04,18,10,雾~小雨,东南风,2级,56,良
1524,武汉,2021-03-05,12,8,中雨~小雨,东风,2级,44,优
1525,武汉,2021-03-06,11,5,小雨~多云,东北风,微风,34,优
1526,武汉,2021-03-07,9,6,阴~多云,东北风,3级,68,良
1527,武汉,2021-03-08,9,4,小雨~阴,东北风,2级,93,良
1528,武汉,2021-03-09,12,7,多云,北风,2级,54,良
1529,武汉,2021-03-10,14,10,小雨,东北风,2级,44,优
1530,武汉,2021-03-11,14,6,小雨~多云,西北风,微风,35,优
1531,武汉,2021-03-12,16,8,雾~多云,东风,2级,45,优
1532,武汉,2021-03-13,19,9,雾~多云,东风,2级,51,良
1533,武汉,2021-03-14,22,13,雾~小雨,东南风,2级,58,良
1534,武汉,2021-03-15,17,14,大雨~小雨,东南风,2级,61,良
1535,武汉,2021-03-16,18,13,阴~小雨,东北风,3级,58,良
1536,武汉,2021-03-17,16,11,阴~小雨,东北风,2级,105,轻度污染
1537,武汉,2021-03-18,11,8,小雨,东北风,3级,42,优
1538,武汉,2021-03-19,9,6,小雨,北风,3级,30,优
1539,武汉,2021-03-20,14,9,小雨~晴,北风,3级,72,良
1540,武汉,2021-03-21,16,3,阴~晴,东北风,3级,114,轻度污染
1541,武汉,2021-03-22,18,5,阴~多云,东北风,2级,73,良
1542,武汉,2021-03-23,17,6,阴~多云,西南风,2级,81,良
1543,武汉,2021-03-24,23,8,晴,东南风,2级,68,良
1544,武汉,2021-03-25,25,13,晴,东南风,3级,76,良
1545,武汉,2021-03-26,19,13,中雨~小雨,东风,微风,67,良
1546,武汉,2021-03-27,21,11,多云~晴,西风,2级,41,优
1547,武汉,2021-03-28,24,14,晴,南风,2级,54,良
1548,武汉,2021-03-29,25,16,阴~小雨,东北风,3级,73,良
1549,武汉,2021-03-30,19,15,中雨,东北风,微风,107,轻度污染
1550,武汉,2021-03-31,15,12,小雨,东北风,3级,43,优
1551,武汉,2021-04-01,13,11,小雨,北风,3级,25,优
1552,武汉,2021-04-02,13,11,中雨~小雨,北风,微风,23,优
1553,武汉,2021-04-03,13,10,小雨~多云,北风,3级,38,优
1554,武汉,2021-04-04,17,10,多云,东北风,3级,38,优
1555,武汉,2021-04-05,15,9,小雨~阴,东南风,2级,49,优
1556,武汉,2021-04-06,18,11,阴~小雨,东北风,微风,57,良
1557,武汉,2021-04-07,13,10,大雨~小雨,东北风,2级,50,优
1558,武汉,2021-04-08,19,9,阴~多云,东北风,2级,47,优
1559,武汉,2021-04-09,21,11,晴~多云,东南风,2级,61,良
1560,武汉,2021-04-10,20,13,多云,东南风,2级,67,良
1561,武汉,2021-04-11,15,12,小雨~多云,东南风,2级,64,良
1562,武汉,2021-04-12,22,11,小雨~晴,西北风,1级,53,良
1563,武汉,2021-04-13,22,14,雾~小雨,东北风,2级,86,良
1564,武汉,2021-04-14,21,12,阴~多云,东北风,3级,72,良
1565,武汉,2021-04-15,22,14,阴~多云,西南风,微风,71,良
1566,武汉,2021-04-16,25,11,小雨~多云,西北风,2级,85,良
1567,武汉,2021-04-17,24,13,阴~多云,东北风,3级,125,轻度污染
1568,武汉,2021-04-18,20,11,阴~多云,东南风,2级,77,良
1569,武汉,2021-04-19,22,16,阴~小雨,东南风,2级,72,良
1570,武汉,2021-04-20,24,17,小雨~中雨,东南风,2级,82,良
1571,武汉,2021-04-21,20,15,小雨~大雨,东北风,2级,58,良
1572,武汉,2021-04-22,21,15,小雨~阴,北风,2级,30,优
1573,武汉,2021-04-23,23,16,阴~小雨,东北风,微风,31,优
1574,武汉,2021-04-24,16,14,阴~多云,东北风,4级,51,良
1575,武汉,2021-04-25,20,13,阴~多云,北风,3级,35,优
1576,武汉,2021-04-26,18,12,阴,北风,2级,48,优
1577,武汉,2021-04-27,24,13,阴~晴,西北风,2级,53,良
1578,武汉,2021-04-28,24,14,阴,北风,2级,72,良
1579,武汉,2021-04-29,24,16,晴,西南风,4级,67,良
1580,武汉,2021-04-30,31,17,阴~晴,西南风,4级,61,良
1581,武汉,2021-05-01,31,19,晴,东南风,2级,69,良
1582,武汉,2021-05-02,30,19,阴,东南风,3级,78,良
1583,武汉,2021-05-03,26,15,中雨,东风,3级,63,良
1584,武汉,2021-05-04,25,13,多云,北风,3级,50,优
1585,武汉,2021-05-05,28,17,多云~阴,东南风,2级,92,良
1586,武汉,2021-05-06,23,16,阴~多云,西南风,2级,83,良
1587,武汉,2021-05-07,27,16,阴~多云,西北风,2级,67,良
1588,武汉,2021-05-08,30,18,阴~晴,西南风,2级,77,良
1589,武汉,2021-05-09,32,20,晴~多云,东南风,2级,59,良
1590,武汉,2021-05-10,31,22,暴雨~大雨,东南风,3级,50,优
1591,武汉,2021-05-11,20,19,小雨~阴,东北风,3级,38,优
1592,武汉,2021-05-12,24,21,阴~多云,东风,1级,63,良
1593,武汉,2021-05-13,27,21,中雨~大雨,东南风,2级,54,良
1594,武汉,2021-05-14,29,21,中雨,东南风,2级,43,优
1595,武汉,2021-05-15,27,18,暴雨~大雨,西南风,3级,37,优
1596,武汉,2021-05-16,20,14,阴~多云,北风,4级,22,优
1597,武汉,2021-05-17,24,15,多云,北风,2级,28,优
1598,武汉,2021-05-18,21,15,阴~小雨,西南风,微风,55,良
1599,武汉,2021-05-19,20,16,小雨,东北风,1级,62,良
1600,武汉,2021-05-20,24,18,阴,西南风,2级,49,优
1601,武汉,2021-05-21,25,19,阴,西南风,2级,70,良
1602,武汉,2021-05-22,25,20,小雨,东南风,2级,55,良
1603,武汉,2021-05-23,22,16,小雨~多云,西北风,3级,42,优
1604,武汉,2021-05-24,27,18,多云~阴,西北风,微风,55,良
1605,武汉,2021-05-25,29,20,阴~中雨,西南风,2级,79,良
1606,武汉,2021-05-26,20,16,暴雨~多云,西北风,2级,44,优
1607,武汉,2021-05-27,27,19,多云,西南风,2级,31,优
1608,武汉,2021-05-28,26,19,阴~多云,西南风,2级,38,优
1609,武汉,2021-05-29,27,19,阴~多云,西南风,2级,43,优
1610,武汉,2021-05-30,30,20,晴,西南风,2级,48,优
1611,武汉,2021-05-31,32,22,晴,东南风,2级,62,良
1612,武汉,2021-06-01,34,23,多云~晴,东风,2级,58,良
1613,武汉,2021-06-02,32,24,晴~小雨,西南风,2级,67,良
1614,武汉,2021-06-03,25,16,中雨~多云,北风,3级,43,优
1615,武汉,2021-06-04,27,18,多云~晴,西南风,2级,38,优
1616,武汉,2021-06-05,31,19,晴,西南风,3级,52,良
1617,武汉,2021-06-06,34,20,晴~多云,东南风,2级,69,良
1618,武汉,2021-06-07,34,23,阴~晴,东南风,2级,54,良
1619,武汉,2021-06-08,35,24,阴~晴,东南风,2级,69,良
1620,武汉,2021-06-09,35,24,阴~阵雨,东北风,2级,69,良
1621,武汉,2021-06-10,28,23,阴~多云,西北风,2级,59,良
1622,武汉,2021-06-11,30,24,阴~晴,南风,2级,67,良
1623,武汉,2021-06-12,30,25,阴~阵雨,东南风,2级,67,良
1624,武汉,2021-06-13,34,26,阴~小雨,东南风,2级,35,优
1625,武汉,2021-06-14,35,28,阴~多云,西南风,3级,28,优
1626,武汉,2021-06-15,35,28,阴~多云,西南风,3级,25,优
1627,武汉,2021-06-16,35,27,阴~小雨,西南风,2级,33,优
1628,武汉,2021-06-17,28,23,阴~小雨,北风,3级,30,优
1629,武汉,2021-06-18,25,21,阴~中雨,北风,3级,29,优
1630,武汉,2021-06-19,22,19,中雨~阵雨,西北风,1级,24,优
1631,武汉,2021-06-20,28,22,多云~阴,西北风,1级,40,优
1632,武汉,2021-06-21,28,22,多云,东南风,1级,53,良
1633,武汉,2021-06-22,33,22,晴~多云,东南风,1级,64,良
1634,武汉,2021-06-23,34,22,多云,东南风,2级,64,良
1635,武汉,2021-06-24,33,24,多云,东南风,3级,61,良
1636,武汉,2021-06-25,35,26,阴~多云,东南风,2级,54,良
1637,武汉,2021-06-26,34,25,阴~暴雨,南风,2级,53,良
1638,武汉,2021-06-27,29,25,大雨~阵雨,东风,1级,28,优
1639,武汉,2021-06-28,34,24,多云,东北风,2级,31,优
1640,武汉,2021-06-29,35,26,多云,东南风,2级,58,良
1641,武汉,2021-06-30,32,26,阴~小雨,南风,2级,42,优
1642,武汉,2021-07-01,26,25,中雨~大雨,东南风,2级,32,优
1643,武汉,2021-07-02,27,24,中雨,南风,2级,20,优
1644,武汉,2021-07-03,30,24,阴~小雨,西北风,2级,25,优
1645,武汉,2021-07-04,26,25,小雨~中雨,西南风,1级,35,优
1646,武汉,2021-07-05,28,25,大雨~小雨,西南风,1级,29,优
1647,武汉,2021-07-06,32,25,阴~多云,西南风,2级,49,优
1648,武汉,2021-07-07,33,26,阴,西南风,2级,50,优
1649,武汉,2021-07-08,30,27,阴~小雨,西南风,2级,33,优
1650,武汉,2021-07-09,33,27,阴~阵雨,西南风,3级,27,优
1651,武汉,2021-07-10,33,28,阴,南风,3级,32,优
1652,武汉,2021-07-11,34,27,阴~晴,南风,3级,36,优
1653,武汉,2021-07-12,35,28,阴~小雨,西南风,4级,34,优
1654,武汉,2021-07-13,32,28,阴~晴,西南风,3级,31,优
1655,武汉,2021-07-14,36,28,晴,南风,3级,35,优
1656,武汉,2021-07-15,36,28,多云~晴,东南风,3级,37,优
1657,武汉,2021-07-16,33,25,阴~小雨,东南风,2级,48,优
1658,武汉,2021-07-17,28,24,中雨,西南风,2级,26,优
1659,武汉,2021-07-18,31,24,阴~小雨,东南风,2级,38,优
1660,武汉,2021-07-19,31,25,阴~晴,东南风,2级,31,优
1661,武汉,2021-07-20,34,26,阴~晴,东南风,2级,41,优
1662,武汉,2021-07-21,35,26,阴~晴,东南风,3级,40,优
1663,武汉,2021-07-22,35,25,多云~晴,东风,2级,36,优
1664,武汉,2021-07-23,34,25,多云,东北风,2级,37,优
1665,武汉,2021-07-24,34,25,阴~多云,东北风,3级,25,优
1666,武汉,2021-07-25,34,25,多云~晴,东北风,3级,21,优
1667,武汉,2021-07-26,34,26,晴,北风,3级,24,优
1668,武汉,2021-07-27,33,26,阴~小雨,西北风,3级,21,优
1669,武汉,2021-07-28,31,24,阴~晴,西北风,3级,17,优
1670,武汉,2021-07-29,34,25,多云~晴,西北风,2级,34,优
1671,武汉,2021-07-30,35,26,晴,东南风,1级,56,良
1672,武汉,2021-07-31,36,27,晴,东南风,1级,65,良
1673,武汉,2021-08-01,38,27,晴,东南风,1级,83,良
1674,武汉,2021-08-02,37,26,阴~多云,东北风,2级,59,良
1675,武汉,2021-08-03,36,26,多云~晴,东北风,3级,47,优
1676,武汉,2021-08-04,36,27,晴,东北风,3级,27,优
1677,武汉,2021-08-05,36,26,阴~晴,东北风,3级,25,优
1678,武汉,2021-08-06,36,26,阴~晴,东北风,3级,28,优
1679,武汉,2021-08-07,36,27,阴~晴,东北风,2级,34,优
1680,武汉,2021-08-08,35,27,多云,东北风,2级,41,优
1681,武汉,2021-08-09,33,24,阴~大暴雨,东北风,2级,41,优
1682,武汉,2021-08-10,28,24,小雨~大雨,东北风,2级,30,优
1683,武汉,2021-08-11,32,25,阴~中雨,东北风,1级,32,优
1684,武汉,2021-08-12,29,23,小雨~暴雨,东北风,2级,29,优
1685,武汉,2021-08-13,24,22,中雨,东北风,3级,27,优
1686,武汉,2021-08-14,24,21,阴~小雨,东北风,2级,23,优
1687,武汉,2021-08-15,27,23,阴,东北风,1级,48,优
1688,武汉,2021-08-16,27,24,阴~阵雨,东北风,1级,37,优
1689,武汉,2021-08-17,31,25,阴~小雨,东北风,1级,35,优
1690,武汉,2021-08-18,33,25,多云~晴,东风,2级,36,优
1691,武汉,2021-08-19,33,26,阴~多云,东南风,2级,40,优
1692,武汉,2021-08-20,33,25,阴~小雨,西南风,2级,27,优
1693,武汉,2021-08-21,32,26,阴~晴,东南风,1级,41,优
1694,武汉,2021-08-22,35,28,阴~晴,东南风,2级,44,优
1695,武汉,2021-08-23,32,23,阴~暴雨,西风,2级,38,优
1696,武汉,2021-08-24,26,22,中雨~多云,西北风,2级,27,优
1697,武汉,2021-08-25,29,22,阴~小雨,西南风,2级,39,优
1698,武汉,2021-08-26,25,20,阴~小雨,北风,2级,37,优
1699,武汉,2021-08-27,23,21,阴,西北风,2级,21,优
1700,武汉,2021-08-28,28,24,阴,东南风,1级,33,优
1701,武汉,2021-08-29,34,25,阴~多云,东南风,2级,44,优
1702,武汉,2021-08-30,35,25,多云~晴,东南风,2级,38,优
1703,武汉,2021-08-31,36,25,晴,东南风,2级,42,优
1704,武汉,2021-09-01,34,24,多云,东北风,3级,51,良
1705,武汉,2021-09-02,30,24,多云,北风,2级,38,优
1706,武汉,2021-09-03,33,26,小雨~晴,东南风,2级,41,优
1707,武汉,2021-09-04,35,25,多云~阵雨,东南风,2级,46,优
1708,武汉,2021-09-05,32,22,多云~晴,东北风,3级,30,优
1709,武汉,2021-09-06,28,22,多云~晴,北风,3级,26,优
1710,武汉,2021-09-07,27,20,多云,北风,3级,33,优
1711,武汉,2021-09-08,31,22,多云~晴,西北风,1级,45,优
1712,武汉,2021-09-09,33,22,晴,西南风,1级,57,良
1713,武汉,2021-09-10,34,22,雾~晴,东南风,1级,80,良
1714,武汉,2021-09-11,35,23,多云~晴,东北风,2级,68,良
1715,武汉,2021-09-12,35,21,晴,东北风,3级,52,良
1716,武汉,2021-09-13,33,22,多云~晴,东北风,3级,38,优
1717,武汉,2021-09-14,32,21,晴,东北风,3级,38,优
1718,武汉,2021-09-15,33,20,多云~晴,东风,2级,51,良
1719,武汉,2021-09-16,33,21,晴,东北风,2级,70,良
1720,武汉,2021-09-17,32,22,多云~晴,东风,2级,67,良
1721,武汉,2021-09-18,33,28,晴~多云,东南风,3级,65,良
1722,武汉,2021-09-19,34,19,多云~中雨,南风,3级,49,优
1723,武汉,2021-09-20,27,19,小雨~晴,西风,3级,22,优
1724,武汉,2021-09-21,31,21,晴,西南风,2级,34,优
1725,武汉,2021-09-22,34,22,晴,东南风,2级,46,优
1726,武汉,2021-09-23,34,24,晴~多云,东南风,3级,53,良
1727,武汉,2021-09-24,35,25,多云~晴,东南风,2级,44,优
1728,武汉,2021-09-25,35,26,多云~晴,东南风,2级,38,优
1729,武汉,2021-09-26,36,23,多云~晴,东风,2级,47,优
1730,武汉,2021-09-27,29,23,多云,东北风,3级,37,优
1731,武汉,2021-09-28,33,20,多云~中雨,东北风,3级,50,优
1732,武汉,2021-09-29,27,18,晴,北风,2级,25,优
1733,武汉,2021-09-30,29,19,晴,南风,1级,39,优
1734,武汉,2021-10-01,32,21,雾~晴,南风,1级,55,良
1735,武汉,2021-10-02,33,25,雾~晴,东南风,2级,53,良
1736,武汉,2021-10-03,35,26,晴,东南风,3级,50,优
1737,武汉,2021-10-04,36,23,晴,东南风,3级,50,优
1738,武汉,2021-10-05,27,18,晴,东北风,4级,42,优
1739,武汉,2021-10-06,24,15,多云~晴,东北风,3级,24,优
1740,武汉,2021-10-07,21,15,多云,北风,4级,18,优
1741,武汉,2021-10-08,20,16,多云,东北风,3级,25,优
1742,武汉,2021-10-09,24,18,雾~小雨,东北风,3级,30,优
1743,武汉,2021-10-10,18,14,中雨~阴,北风,4级,29,优
1744,武汉,2021-10-11,20,14,多云~晴,东北风,4级,30,优
1745,武汉,2021-10-12,23,15,晴,东北风,3级,33,优
1746,武汉,2021-10-13,22,18,多云~小雨,东北风,3级,32,优
1747,武汉,2021-10-14,19,15,小雨,北风,3级,51,良
1748,武汉,2021-10-15,17,13,小雨~中雨,北风,4级,37,优
1749,武汉,2021-10-16,15,8,小雨~阴,东北风,4级,25,优
1750,武汉,2021-10-17,16,11,多云~阴,东北风,2级,41,优
1751,武汉,2021-10-18,16,10,雾~多云,西南风,2级,42,优
1752,武汉,2021-10-19,15,12,多云~小雨,东北风,2级,50,优
1753,武汉,2021-10-20,12,8,中雨~小雨,东北风,3级,35,优
1754,武汉,2021-10-21,16,9,多云,北风,2级,24,优
1755,武汉,2021-10-22,18,9,雾~晴,东北风,2级,54,良
1756,武汉,2021-10-23,20,7,多云~晴,东北风,2级,65,良
1757,武汉,2021-10-24,21,8,多云~晴,北风,2级,58,良
1758,武汉,2021-10-25,22,10,多云~晴,东风,1级,74,良
1759,武汉,2021-10-26,22,14,雾~阴,东北风,2级,72,良
1760,武汉,2021-10-27,23,13,多云~晴,北风,2级,70,良
1761,武汉,2021-10-28,23,13,多云,东北风,2级,105,轻度污染
1762,武汉,2021-10-29,22,12,多云~晴,东北风,1级,101,轻度污染
1763,武汉,2021-10-30,24,12,多云,西北风,1级,114,轻度污染
1764,武汉,2021-10-31,24,15,晴~多云,东北风,2级,87,良
1765,武汉,2021-11-01,23,15,多云~小雨,东风,1级,75,良
1766,武汉,2021-11-02,23,13,多云~晴,东北风,1级,93,良
1767,武汉,2021-11-03,23,14,多云~小雨,东风,1级,78,良
1768,武汉,2021-11-04,20,16,多云~小雨,东南风,2级,74,良
1769,武汉,2021-11-05,19,17,小雨~多云,东北风,2级,59,良
1770,武汉,2021-11-06,22,8,多云~小雨,东北风,3级,41,优
1771,武汉,2021-11-07,8,2,多云~晴,北风,5级,21,优
1772,武汉,2021-11-08,13,3,晴,西北风,2级,30,优
1773,武汉,2021-11-09,15,4,多云~晴,西风,2级,40,优
1774,武汉,2021-11-10,19,5,晴~多云,西北风,3级,48,优
1775,武汉,2021-11-11,18,6,雾~多云,北风,2级,55,良
1776,武汉,2021-11-12,18,5,多云~晴,西北风,2级,49,优
1777,武汉,2021-11-13,20,6,雾~晴,西南风,2级,55,良
1778,武汉,2021-11-14,21,8,雾~晴,南风,2级,56,良
1779,武汉,2021-11-15,21,11,雾~晴,东风,2级,66,良
1780,武汉,2021-11-16,23,13,多云~晴,东北风,2级,86,良
1781,武汉,2021-11-17,18,6,多云,西北风,2级,167,中度污染
1782,武汉,2021-11-18,20,7,多云~晴,南风,2级,145,轻度污染
1783,武汉,2021-11-19,21,11,多云~晴,东南风,2级,108,轻度污染
1784,武汉,2021-11-20,17,10,多云~小雨,东北风,3级,74,良
1785,武汉,2021-11-21,14,4,多云~阴,北风,4级,78,良
1786,武汉,2021-11-22,11,2,多云,北风,3级,61,良
1787,武汉,2021-11-23,15,2,多云~晴,西南风,2级,59,良
1788,武汉,2021-11-24,18,4,晴,西南风,2级,62,良
1789,武汉,2021-11-25,20,4,雾~晴,西南风,1级,88,良
1790,武汉,2021-11-26,20,3,多云~晴,东北风,2级,110,轻度污染
1791,武汉,2021-11-27,18,4,多云~晴,东北风,2级,96,良
1792,武汉,2021-11-28,18,5,多云~晴,东北风,2级,103,轻度污染
1793,武汉,2021-11-29,18,4,多云,北风,3级,88,良
1794,武汉,2021-11-30,15,0,多云~晴,北风,3级,33,优
1795,武汉,2021-12-01,13,0,多云~晴,东北风,2级,58,良
1796,武汉,2021-12-02,15,1,多云,西风,2级,65,良
1797,武汉,2021-12-03,18,1,多云,西北风,2级,85,良
1798,武汉,2021-12-04,18,2,多云~晴,东风,1级,82,良
1799,武汉,2021-12-05,18,1,多云~晴,东风,1级,90,良
1800,武汉,2021-12-06,18,3,多云~晴,东北风,2级,101,轻度污染
1801,武汉,2021-12-07,14,6,多云,东北风,3级,122,轻度污染
1802,武汉,2021-12-08,15,6,多云,东北风,2级,122,轻度污染
